country,countrycode,year,k,y,k_over_y,rnna,rgdpna,emp,delta,csh_i,hc
Argentina,ARG,1950,68275.8791398945,36644.10689936523,1.863215805133382,443304.28125,237924.28125,6.49283885955811,0.0290971305221319,0.0849331691861153,1.81650292873383
Argentina,ARG,1951,73809.57431879868,38209.853052237086,1.9316895623202957,486740.375,251976.5,6.59454250335693,0.0295936278998852,0.125846296548843,1.83076894283295
Argentina,ARG,1952,77230.21394686605,35265.676688390326,2.1899541196749723,518949.9375,236968.40625,6.71951961517334,0.0302030667662621,0.116993941366673,1.84514713287354
Argentina,ARG,1953,81258.92215834472,36258.29528297458,2.241112592971259,553483.375,246968.125,6.81135511398315,0.03040293417871,0.115413844585419,1.85963821411133
Argentina,ARG,1954,84340.50389068126,36785.09531825119,2.292790141251452,584683.375,255009.546875,6.93241500854492,0.030435947701335,0.10497123003006,1.87424302101135
Argentina,ARG,1955,88163.21239190827,38717.821479781414,2.2770705846130164,621233.8125,272821.5,7.04640626907349,0.0306254159659147,0.109858825802803,1.88896262645721
Argentina,ARG,1956,91113.66479759812,39117.5668073886,2.329226284605933,652221.9375,280016.5625,7.15833282470703,0.0309733003377914,0.10235882550478,1.90176832675934
Argentina,ARG,1957,94770.04254757523,40081.36203035473,2.3644416693176056,687526.4375,290777.5,7.25468111038208,0.0312631241977215,0.108121827244759,1.91466104984283
Argentina,ARG,1958,98802.05304764198,42149.232737964456,2.344100868024804,726628.5625,309981.78125,7.3543872833252,0.0314646512269974,0.107620246708393,1.92764103412628
Argentina,ARG,1959,101287.71904300709,39441.94794930538,2.568020199539635,757487.875,294969.59375,7.47857570648193,0.0315318293869495,0.103584237396717,1.940709233284
Argentina,ARG,1960,107777.94082900701,43155.81339799358,2.4974141915725743,816702.75,327019.34375,7.57764291763306,0.0321842730045319,0.140910267829895,1.95386576652527
Argentina,ARG,1961,114510.45679929017,44006.578685351284,2.602121324133019,878633.75,337660.5625,7.67295646667481,0.0334839150309563,0.149654805660248,1.96492779254913
Argentina,ARG,1962,119021.40831321568,43700.21505115238,2.723588617902627,925532.4375,339820.9375,7.77618455886841,0.0344976782798767,0.132196381688118,1.9760525226593
Argentina,ARG,1963,120791.238212261,41495.24985653196,2.9109654389331667,952883.25,327342.6875,7.88867855072022,0.0347849652171135,0.112345442175865,1.98724031448364
Argentina,ARG,1964,125209.87289163105,44177.91456002192,2.8342187298478247,999868.4375,352784.5,7.98553991317749,0.0349067710340023,0.13748887181282,1.99849140644073
Argentina,ARG,1965,129493.46535251234,47633.47676331638,2.7185390223759227,1047281.5625,385236.90625,8.0875244140625,0.0352137088775635,0.125763043761253,2.00980615615845
Argentina,ARG,1966,132710.37999149787,47093.07369051555,2.818044557117653,1088177.25,386146.21875,8.19963932037354,0.0353551767766476,0.11745347827673,2.02271342277527
Argentina,ARG,1967,136268.6068494285,47839.31318168037,2.848464950404249,1130581.375,396909.0,8.2967119216919,0.0353216007351875,0.117889925837517,2.03570342063904
Argentina,ARG,1968,140390.90139013834,49683.234794947086,2.8257198221806696,1179486.625,417411.03125,8.40144634246826,0.0352286919951439,0.124020725488663,2.04877686500549
Argentina,ARG,1969,147310.11415256627,53716.52027703845,2.742361444725509,1249613.125,455670.46875,8.48287391662598,0.0352551378309727,0.14044676721096,2.06193423271179
Argentina,ARG,1970,153753.83099047255,54822.74738941622,2.80456267356195,1318808.875,470236.90625,8.57740497589111,0.0353292375802994,0.139942646026611,2.07517623901367
Argentina,ARG,1971,161111.93606198856,56363.132285708125,2.858463139438426,1394710.625,487923.25,8.65678024291992,0.0353647358715534,0.152563214302063,2.09646344184876
Argentina,ARG,1972,167963.12076235842,56965.78726846432,2.9484911701613763,1468528.0,498060.84375,8.74315738677979,0.0354705154895783,0.153246685862541,2.1179690361023
Argentina,ARG,1973,173099.5913210842,58509.44922182472,2.9584895025215174,1528677.875,516708.90625,8.83120441436768,0.0355635844171047,0.140805378556252,2.1396951675415
Argentina,ARG,1974,173697.93033256795,59452.01004285015,2.921649414500449,1591252.25,544641.75,9.16103172302246,0.0355267636477947,0.139472484588623,2.16164422035217
Argentina,ARG,1975,178434.2800082389,58466.670151184335,3.0518974237260275,1652333.125,541411.75,9.26017761230469,0.0352761074900627,0.147173643112183,2.18381834030151
Argentina,ARG,1976,186809.48680586898,58633.14453624751,3.186073138041944,1724784.875,541351.3125,9.23285484313965,0.0349145084619522,0.155670791864395,2.19690632820129
Argentina,ARG,1977,192822.5172211355,60904.49441507077,3.1659817403134323,1823331.625,575913.5,9.45600986480713,0.0349575877189636,0.175084635615349,2.21007299423218
Argentina,ARG,1978,197589.14218592003,58109.24262071777,3.400304895997273,1895201.375,557362.1875,9.59162712097168,0.0349774286150932,0.148958444595337,2.22331833839417
Argentina,ARG,1979,202334.32212641128,61117.82765782114,3.310561416862121,1974660.5,596473.0,9.75939464569092,0.03484196215868,0.15418703854084,2.23664307594299
Argentina,ARG,1980,210287.78012152037,61827.674878773025,3.401191788852428,2058199.75,605140.75,9.78753852844238,0.0350144430994988,0.167191058397293,2.25004768371582
Argentina,ARG,1981,214990.96550314,58186.2067031052,3.694878523360875,2114802.75,572360.5625,9.83670520782471,0.0349879190325737,0.14897383749485,2.28316402435303
Argentina,ARG,1982,214681.05326597553,55485.71981527894,3.8691226135424386,2144526.5,554266.875,9.98936080932617,0.0343980677425861,0.120219565927982,2.3167679309845
Argentina,ARG,1983,210912.87541446896,55939.59296410426,3.7703684320658026,2175729.75,577060.25,10.3157749176025,0.0336027778685093,0.115429818630219,2.3508665561676
Argentina,ARG,1984,208663.03263109506,55756.26864798228,3.742413861094096,2202909.0,588633.1875,10.5572557449341,0.0330037325620651,0.109396584331989,2.38546681404114
Argentina,ARG,1985,207321.24920779932,51245.19408955914,4.045672045762426,2215763.25,547687.3125,10.6875839233398,0.0324913859367371,0.102712132036686,2.42057633399963
Argentina,ARG,1986,204339.9135350258,53547.13943305997,3.816075250676537,2239318.75,586812.0,10.9587926864624,0.0318887569010258,0.109498560428619,2.44188833236694
Argentina,ARG,1987,203646.97770898844,53830.927713339515,3.783085047195349,2276186.75,601674.75,11.1771202087402,0.0313089415431023,0.125374898314476,2.46338820457459
Argentina,ARG,1988,202557.4122199564,51753.134527823415,3.913915824964339,2308918.75,589925.5,11.3988361358643,0.0308161247521639,0.123009636998177,2.48507714271545
Argentina,ARG,1989,201679.4246212338,47717.25757358061,4.226551039951145,2318552.5,548568.4375,11.4962272644043,0.0303673818707466,0.108371071517468,2.50695705413818
Argentina,ARG,1990,196117.02103884568,45821.97264629591,4.279977698749273,2316432.0,541225.25,11.8114786148071,0.0298832859843969,0.087322048842907,2.52902960777283
Argentina,ARG,1991,191748.30999236004,49056.52364882142,3.9087219340086032,2337542.75,598032.5,12.1906824111938,0.0294740088284016,0.110090240836144,2.55256795883179
Argentina,ARG,1992,192874.2991824354,53258.545605906744,3.6214713899555733,2388928.5,659656.875,12.3859348297119,0.0295083839446306,0.140114352107048,2.57097387313843
Argentina,ARG,1993,199058.6050193272,56775.67079366335,3.5060546575091074,2457381.0,700896.375,12.3450126647949,0.0299407765269279,0.161771073937416,2.58705997467041
Argentina,ARG,1994,204647.36654348535,59744.80315887654,3.425358453341561,2540939.25,741802.4375,12.4161834716797,0.0305980071425438,0.183206960558891,2.60324645042419
Argentina,ARG,1995,219496.6094316085,60893.722368633586,3.604585183721195,2597811.25,720696.3125,11.8353137969971,0.0310955923050642,0.170009225606918,2.61953449249268
Argentina,ARG,1996,219505.54833437613,62660.736505219655,3.5030796089683895,2664185.75,760526.75,12.1372137069702,0.0313981957733631,0.181786641478539,2.62702393531799
Argentina,ARG,1997,215783.3483476619,64424.13009923959,3.349418114226254,2753937.0,822213.5625,12.7625093460083,0.0319296903908253,0.201025769114494,2.63453459739685
Argentina,ARG,1998,213486.59248977518,63954.84322679182,3.338083274361649,2850290.0,853870.25,13.3511428833008,0.0326105803251267,0.208235546946526,2.64206695556641
Argentina,ARG,1999,216697.17230922487,61284.15074561627,3.535941506454268,2917020.25,824962.8125,13.461275100708,0.033048003911972,0.188977956771851,2.64962077140808
Argentina,ARG,2000,218355.61628749492,60187.694610985585,3.627911281513683,2969278.5,818454.0,13.5983610153198,0.0330884642899036,0.177233025431633,2.65719604492188
Argentina,ARG,2001,221872.5774123906,57929.783511309775,3.8300260067271585,2996496.25,782369.6875,13.505482673645,0.0327664464712143,0.157247662544251,2.68300294876099
Argentina,ARG,2002,221753.91371567495,51975.83264401807,4.266481217039179,2974311.25,697134.5,13.4126663208008,0.032071590423584,0.115501716732979,2.70905995368958
Argentina,ARG,2003,212365.9195827157,53929.561861444105,3.9378387706602633,2987798.25,758740.625,14.0691041946411,0.0313959084451199,0.143677651882172,2.73537039756775
Argentina,ARG,2004,203077.25941478604,55161.66417563509,3.6814926171949196,3045520.75,827251.625,14.9968576431274,0.0311955641955137,0.172508031129837,2.76193618774414
Argentina,ARG,2005,198420.7655623883,57174.64290165325,3.4704329663010594,3125045.5,900477.125,15.7495889663696,0.0315079391002655,0.176452562212944,2.7887601852417
Argentina,ARG,2006,197886.16870440953,59696.43163567536,3.314874328035215,3225173.0,972939.75,16.2981224060059,0.0321293249726296,0.17079821228981,2.7969753742218
Argentina,ARG,2007,198031.75377639855,62528.924368116765,3.16704238522571,3358898.25,1060578.875,16.9614124298096,0.0330427475273609,0.184613347053528,2.80521464347839
Argentina,ARG,2008,201536.6997331946,63534.43130668295,3.172086309553474,3500743.0,1103609.0,17.3702507019043,0.0341678224503994,0.18496161699295,2.81347823143005
Argentina,ARG,2009,203535.94830342958,59121.31385053226,3.4426831044046087,3574509.25,1038291.6875,17.5620536804199,0.0347680374979973,0.147035777568817,2.82176613807678
Argentina,ARG,2010,204392.96722262283,63253.7930679664,3.2313155829722646,3694759.75,1143422.75,18.0767459869385,0.0352721847593784,0.167665779590607,2.83007836341858
Argentina,ARG,2011,207957.4033304058,65559.89383654458,3.1720216608173577,3844723.0,1212073.375,18.4880313873291,0.0364261642098427,0.172720894217491,2.8585422039032
Argentina,ARG,2012,210902.4230128012,63839.82173044848,3.303618608198761,3963128.25,1199632.5,18.7912883758545,0.0374421514570713,0.155670538544655,2.88729238510132
Argentina,ARG,2013,213401.6938345535,64236.59446180861,3.322120290194243,4081183.25,1228487.5,19.124418258667,0.0381124578416348,0.155906409025192,2.91633176803589
Argentina,ARG,2014,215504.90258456228,61786.983640024046,3.487868963471518,4177142.5,1197620.25,19.3830509185791,0.0384849980473518,0.1522176861763,2.9456627368927
Argentina,ARG,2015,215448.3731025172,61967.423474631156,3.4768005674904265,4277609.0,1230329.125,19.8544502258301,0.0385722704231739,0.148778095841408,2.97528910636902
Argentina,ARG,2016,221033.12419057137,61082.16587935126,3.618619625033488,4359475.0,1204734.25,19.7231750488281,0.0387495309114456,0.149806752800941,3.00521349906921
Argentina,ARG,2017,223029.5563466636,61830.430388308174,3.6071163494413807,4468098.5,1238689.875,20.0336608886719,0.0390813574194908,0.150692537426949,3.03543877601624
Argentina,ARG,2018,226373.82530699292,59908.81591303832,3.778639618509399,4558053.0,1206268.25,20.1350708007813,0.0392397530376911,0.131016343832016,3.06596803665161
Argentina,ARG,2019,223114.75787864492,57264.76642985987,3.8961960693915447,4605820.0,1182132.5,20.6432781219482,0.0388207696378231,0.111911572515965,3.09680438041687
Argentina,ARG,2020,246711.82717289435,56806.42997726078,4.343026436825046,4625739.0,1065095.75,18.7495632171631,0.0380473658442497,0.11107425391674,3.12795066833496
Argentina,ARG,2021,224634.52384650416,56049.533611185114,4.007785781141211,4714402.5,1176311.0,20.9869899749756,0.0375291481614113,0.143787637352943,3.13874697685242
Argentina,ARG,2022,218707.13104628053,56073.50791107828,3.9003647032946045,4829826.0,1238301.125,22.083532333374,0.0374034941196442,0.149333089590073,3.14963102340698
Argentina,ARG,2023,216599.16935390615,53459.18679045598,4.051673479488382,4936365.5,1218352.25,22.7903251647949,0.037367757409811,0.149598717689514,3.16060328483582
Australia,AUS,1950,207862.0561001789,43389.430484860226,4.7906149902729815,712402.25,148707.890625,3.4272837638855,0.0211917571723461,0.340848058462143,2.66730189323425
Australia,AUS,1951,218157.2835731661,43305.54638826104,5.03762916687971,768188.9375,152490.171875,3.5212619304657,0.021809184923768,0.431384742259979,2.67434358596802
Australia,AUS,1952,218488.42642478683,40749.45287953434,5.361751164382347,784147.5625,146248.40625,3.58896613121033,0.0221589431166649,0.258409768342972,2.68140339851379
Australia,AUS,1953,223463.42030109215,44406.970369192444,5.032169914841139,815786.6875,162114.296875,3.65064978599548,0.0223267413675785,0.298676520586014,2.6884822845459
Australia,AUS,1954,230231.399896748,46958.626069663595,4.902856390116639,858365.4375,175074.5625,3.7282726764679,0.0226085837930441,0.329387336969376,2.69557976722717
Australia,AUS,1955,236728.36704834498,47783.690117778904,4.954166713890214,901560.1875,181980.1875,3.80841636657715,0.0229208413511515,0.329291015863419,2.70269584655762
Australia,AUS,1956,239571.74660488614,46858.80103481933,5.112630739887429,932533.0625,182397.890625,3.89250016212463,0.0231581311672926,0.294477671384811,2.71145153045654
Australia,AUS,1957,244593.80072071086,47266.40476520838,5.1747917349692365,964544.875,186392.984375,3.94345593452454,0.0233273152261972,0.306811034679413,2.72023558616638
Australia,AUS,1958,253054.1624987038,50028.93865292955,5.058155725713875,1006757.375,199036.453125,3.97842645645142,0.0235147252678871,0.325539588928223,2.72904777526855
Australia,AUS,1959,261400.2785374573,52448.14181714462,4.983975970946771,1052758.625,211228.671875,4.0273814201355,0.0237215030938387,0.32667663693428,2.73788905143738
Australia,AUS,1960,265004.96498851257,52053.68066622396,5.090993789426041,1100372.25,216140.953125,4.15227031707764,0.0239195544272661,0.336618274450302,2.74675846099854
Australia,AUS,1961,272698.7169678926,52611.540137321346,5.1832490791207,1135589.375,219088.328125,4.16426372528076,0.0240623950958252,0.296569168567657,2.76815295219421
Australia,AUS,1962,277239.0271288774,54604.485380835584,5.077220766669461,1182194.125,232842.765625,4.26416921615601,0.0242121666669846,0.31739267706871,2.78971362113953
Australia,AUS,1963,280682.7474658744,56670.88611062852,4.952856161767918,1231092.375,248562.109375,4.38606357574463,0.0244003068655729,0.309577763080597,2.81144237518311
Australia,AUS,1964,284111.25887278974,58168.02222615904,4.88432042210678,1290835.375,264281.46875,4.54341506958008,0.0245858822017908,0.332906812429428,2.83334064483643
Australia,AUS,1965,287127.8326902385,57717.101508965585,4.974744489649,1344057.5,270176.1875,4.68104219436646,0.0247423499822617,0.318908363580704,2.8554093837738
Australia,AUS,1966,289278.976376748,59152.69224762557,4.890377181240806,1402941.625,286878.0,4.84978771209717,0.0248849429190159,0.315606623888016,2.87764978408813
Australia,AUS,1967,292561.56123161997,60304.81347715627,4.851379920815833,1463248.5,301614.90625,5.00150632858276,0.0250555910170078,0.314746171236038,2.90006351470947
Australia,AUS,1968,299601.0404599276,63086.100707287034,4.749081605947486,1535040.75,323228.96875,5.12361621856689,0.0252581257373095,0.325632005929947,2.92265176773071
Australia,AUS,1969,305948.52704736195,65847.10761862312,4.646347244580146,1611390.25,346807.96875,5.26686716079712,0.0254738871008158,0.324424713850021,2.94541621208191
Australia,AUS,1970,308360.7972246154,65957.79730800517,4.67512272710766,1685673.5,360562.40625,5.46656227111816,0.0256506837904453,0.317209750413895,2.96835780143738
Australia,AUS,1971,311825.9284701416,66323.50548488543,4.701589974631303,1761507.25,374662.03125,5.64900827407837,0.0257671736180782,0.302771002054215,2.99199271202087
Australia,AUS,1972,319214.65535511554,66737.84771883342,4.783112825273704,1838995.375,384476.6875,5.76099920272827,0.0258049611002207,0.293405622243881,3.01581621170044
Australia,AUS,1973,324135.7451642696,67595.61781597945,4.79521832386662,1919370.5,400267.59375,5.92150211334229,0.0257813800126314,0.308004260063171,3.03982925415039
Australia,AUS,1974,328804.5111883919,67216.37639636609,4.891732176240431,1984156.125,405614.21875,6.03445529937744,0.0257218908518553,0.261548429727554,3.06403350830078
Australia,AUS,1975,341152.8983998379,69217.45718228744,4.928711806060654,2050902.75,416113.34375,6.01168203353882,0.0256485883146524,0.257270455360413,3.08843040466309
Australia,AUS,1976,347876.9745818066,70719.80227057278,4.919088620339112,2120486.75,431073.09375,6.09550762176514,0.0255482643842697,0.261812388896942,3.11302161216736
Australia,AUS,1977,356448.960552181,70720.93569844338,5.040218388400462,2192115.25,434924.65625,6.14987134933472,0.0254251174628735,0.251052021980286,3.13780879974365
Australia,AUS,1978,368632.8149180214,73338.78885707681,5.026437178236142,2274668.75,452540.96875,6.17055416107178,0.0253599677234888,0.277230381965637,3.16279315948486
Australia,AUS,1979,376667.4951334529,74572.77734559575,5.051005320451549,2355175.5,466278.5625,6.25266456604004,0.025354441255331,0.272252410650253,3.18797659873962
Australia,AUS,1980,381136.4728677746,74926.76743080052,5.086786550878196,2451078.75,481852.09375,6.43097400665283,0.0254050772637129,0.292894512414932,3.21336030960083
Australia,AUS,1981,390956.36145357403,76273.10344900134,5.125743463617946,2551982.25,497875.53125,6.52753734588623,0.025539755821228,0.306882798671722,3.23260474205017
Australia,AUS,1982,402147.2215509206,74529.14564388111,5.395838340512858,2626699.5,486801.0,6.53168630599976,0.0256713572889566,0.265188783407211,3.25196480751038
Australia,AUS,1983,421003.7240512871,79229.25091617303,5.3137410638492835,2705562.5,509163.40625,6.42645740509033,0.0257744807749987,0.275281339883804,3.27144050598145
Australia,AUS,1984,421012.16785738576,80709.52254954423,5.216387788676904,2796189.25,536039.375,6.64158773422241,0.0259064771234989,0.288370013237,3.29103326797485
Australia,AUS,1985,421230.5778901925,81177.15432457191,5.189028629976108,2891848.25,557300.5,6.86523818969727,0.0260598622262478,0.291684627532959,3.31074285507202
Australia,AUS,1986,416468.04216249497,79851.19046394879,5.215552075588929,2981028.0,571565.1875,7.15787935256958,0.0261896718293428,0.273870587348938,3.33057069778442
Australia,AUS,1987,420192.04970792215,82544.13360462656,5.090513781640451,3077088.0,604474.9375,7.32305145263672,0.0263035297393799,0.282337188720703,3.35051727294922
Australia,AUS,1988,419080.66244339047,82603.08373472438,5.073426360076905,3185545.75,627888.4375,7.60127115249634,0.0264443270862103,0.299780964851379,3.37058329582214
Australia,AUS,1989,414249.6270526797,81965.89092621105,5.0539269734236605,3286824.25,650350.5625,7.9344048500061,0.0265903025865555,0.295795559883118,3.39076972007751
Australia,AUS,1990,416545.9651300509,80315.94480110977,5.186342091368827,3360047.25,647864.5625,8.06645011901856,0.0266587734222412,0.246770665049553,3.41107678413391
Australia,AUS,1991,434453.03638164356,82628.89735231217,5.257882536290271,3420984.75,650639.25,7.87423372268677,0.0266145970672369,0.236697301268578,3.42362284660339
Australia,AUS,1992,445643.6596509402,86375.47635083107,5.159377157480098,3492737.75,676968.875,7.83751249313355,0.0265624206513166,0.244598254561424,3.43621516227722
Australia,AUS,1993,453897.8510316619,89436.50408933278,5.0750848957411225,3572427.75,703914.875,7.87055444717407,0.0265669394284487,0.252167463302612,3.4488537311554
Australia,AUS,1994,451801.10449478455,90044.66156681284,5.017522378709255,3669155.75,731268.4375,8.1211748123169,0.026645528152585,0.268027514219284,3.46153879165649
Australia,AUS,1995,447144.5436026761,90233.79081225181,4.955400184095596,3763744.75,759523.875,8.4172887802124,0.0268062464892864,0.255117565393448,3.4742705821991
Australia,AUS,1996,449112.9245069422,91714.96013437888,4.896833884558323,3864806.25,789245.9375,8.6054220199585,0.0270403921604157,0.257373720407486,3.48704934120178
Australia,AUS,1997,459822.5278729206,95443.70094168105,4.817735726256947,3979691.5,826050.1875,8.65484237670898,0.0273331478238106,0.26467165350914,3.49987483024597
Australia,AUS,1998,465954.02901711094,98656.7679178789,4.722980884646123,4097570.25,867581.375,8.79393672943115,0.0276049114763737,0.269263446331024,3.5127477645874
Australia,AUS,1999,471923.66875285754,100702.10190023869,4.686333848526542,4225215.0,901603.5,8.95317459106445,0.0278514698147774,0.269761383533478,3.52566766738892
Australia,AUS,2000,471751.3066524398,100467.67269677072,4.695553246030383,4319261.0,919862.0,9.15580081939697,0.0280478689819574,0.243143066763878,3.53863549232483
Australia,AUS,2001,474419.39473878563,102439.35775550062,4.631221877348319,4429619.0,956468.75,9.33692646026611,0.0282667931169271,0.255648493766785,3.52751183509827
Australia,AUS,2002,482592.42414879304,104284.64205183464,4.627646167773397,4563002.0,986030.875,9.45518779754639,0.028569508343935,0.276048243045807,3.51642346382141
Australia,AUS,2003,486492.57308234763,106172.26717190898,4.582105911844592,4708955.5,1027683.6875,9.67939853668213,0.0289010461419821,0.294637352228165,3.50536966323853
Australia,AUS,2004,492307.1915408445,107408.53867207096,4.583501438781396,4858963.0,1060098.5,9.86977863311768,0.0292827058583498,0.303858071565628,3.49435067176819
Australia,AUS,2005,494800.3761111112,107322.9029556453,4.610389418143149,5022133.5,1089307.875,10.1498174667358,0.0297582074999809,0.298533231019974,3.4833664894104
Australia,AUS,2006,498067.63318883255,108526.92244820776,4.589346329492805,5187847.0,1130410.875,10.4159488677979,0.0302797425538301,0.296116709709168,3.472416639328
Australia,AUS,2007,500092.9045086909,109065.81071008724,4.585239877215147,5369089.5,1170950.625,10.7361841201782,0.0308394953608513,0.304748594760895,3.46150135993958
Australia,AUS,2008,501920.8851167498,108042.56362113454,4.64558474266495,5542700.0,1193111.375,11.0429754257202,0.0313971936702728,0.281218826770782,3.45062017440796
Australia,AUS,2009,511250.20827466535,109155.65482666071,4.68368046608791,5712208.5,1219598.25,11.1730194091797,0.0318343117833138,0.270573168992996,3.43977355957031
Australia,AUS,2010,520593.07628255483,110519.40438158826,4.710422384155392,5883105.0,1248954.875,11.3007745742798,0.0321767814457417,0.250282675027847,3.4289608001709
Australia,AUS,2011,525418.5367410942,112045.58592333169,4.6893282980430575,6086152.0,1297872.875,11.5834360122681,0.0325480066239834,0.254100680351257,3.44216704368591
Australia,AUS,2012,537439.3340574041,113753.87788084862,4.724580331409399,6291468.5,1331646.0,11.7063789367676,0.0329092144966126,0.269747316837311,3.45542430877686
Australia,AUS,2013,547205.425670903,115361.10697112966,4.743413443560722,6480480.5,1366206.125,11.8428659439087,0.0330710075795651,0.286832213401794,3.4687328338623
Australia,AUS,2014,558823.3099313478,117353.02327105634,4.7618995604451095,6648222.5,1396128.25,11.8968238830566,0.0330260097980499,0.287059158086777,3.48209238052368
Australia,AUS,2015,564184.3194524593,119079.2970678014,4.737887553461321,6797224.0,1434652.875,12.0478782653809,0.0328843593597412,0.265001803636551,3.49550342559814
Australia,AUS,2016,564003.9536946848,119234.65489422702,4.730201586065832,6940895.0,1467357.125,12.3064651489258,0.0327083803713322,0.247277960181236,3.50896620750427
Australia,AUS,2017,567874.5905859647,120770.74807058985,4.702087216136519,7098245.0,1509594.5,12.4996700286865,0.0326015762984753,0.24055027961731,3.52248072624207
Australia,AUS,2018,561897.7031827476,119612.27160923493,4.697659325611913,7245557.0,1542376.0,12.8947973251343,0.0325943343341351,0.227952808141708,3.53604745864868
Australia,AUS,2019,559868.6747334622,116864.77909340184,4.7907391694635235,7380284.0,1540531.375,13.1821699142456,0.0326513238251209,0.224974319338799,3.54966616630554
Australia,AUS,2020,570045.5496636945,119168.17208759498,4.7835385881783985,7524767.5,1573054.625,13.200291633606,0.0327924713492394,0.2352115213871,3.56333756446838
Australia,AUS,2021,575420.851625407,122679.02421639086,4.690458334673698,7691365.5,1639789.75,13.3665046691895,0.0330823920667172,0.241232246160507,3.5980269908905
Australia,AUS,2022,571003.8986496471,123182.31687093165,4.635437237699754,7862773.5,1696231.25,13.7700872421265,0.0334764197468758,0.242007777094841,3.62050604820251
Australia,AUS,2023,584864.64181042,125069.81558443673,4.676305302581725,8045612.5,1720506.25,13.7563667297363,0.0339214503765106,0.242655128240585,3.60863065719605
Canada,CAN,1950,115461.44916366112,35681.88134079475,3.235856541893018,701588.0,216816.78125,6.07638311386108,0.0338143333792686,0.227287709712982,2.48197078704834
Canada,CAN,1951,118026.46652743393,36306.64809653183,3.2508224447937493,735637.5,226292.734375,6.23281812667847,0.0345705449581146,0.236288115382195,2.50054621696472
Canada,CAN,1952,122295.98925339551,39038.314800278065,3.1327169187263286,768290.0625,245247.203125,6.28221797943115,0.0352737978100777,0.218623727560043,2.51926040649414
Canada,CAN,1953,128083.20419214241,40747.67755206673,3.143325261384032,808864.375,257327.609375,6.3151478767395,0.0357906855642796,0.235314875841141,2.53811478614807
Canada,CAN,1954,133756.612144235,40608.035420958324,3.293845928709999,838086.3125,254440.046875,6.26575613021851,0.0359050035476685,0.203224211931229,2.55711030960083
Canada,CAN,1955,138777.36653792518,43841.2814074037,3.1654495964273788,879827.8125,277947.1875,6.33985090255737,0.0356958322227001,0.226435348391533,2.57092189788818
Canada,CAN,1956,142112.58979157847,45932.10408775654,3.0939708209330514,939586.4375,303683.03125,6.61156368255615,0.0357989370822907,0.2663813829422,2.58254599571228
Canada,CAN,1957,148421.01392337625,46520.56124560284,3.1904390220013763,993514.875,311403.8125,6.69389629364014,0.0360224731266499,0.254120856523514,2.59422278404236
Canada,CAN,1958,159991.93738975565,48727.942024028256,3.2833715265639984,1039354.4375,316550.96875,6.49629259109497,0.0358162596821785,0.229183673858643,2.60595202445984
Canada,CAN,1959,165178.7719241718,49886.748295102974,3.3110751365686073,1090730.75,329418.90625,6.60333490371704,0.0354350358247757,0.235807776451111,2.61773467063904
Canada,CAN,1960,173234.3982674311,51638.87808414849,3.354728156276668,1139645.5,339713.21875,6.57863283157349,0.0352463498711586,0.228095978498459,2.62957048416138
Canada,CAN,1961,180000.44476613926,52967.84579408335,3.3982964960648974,1187119.375,349327.78125,6.59509134292603,0.0350667648017406,0.219174548983574,2.64926934242249
Canada,CAN,1962,183711.60038455806,55233.23452736397,3.3261061380271433,1241848.5,373364.0625,6.75977182388306,0.0349015556275845,0.221445232629776,2.66911578178406
Canada,CAN,1963,188011.07253575642,56831.913695130184,3.308195348555836,1298774.75,392593.125,6.90796947479248,0.034855455160141,0.218103408813477,2.68911075592041
Canada,CAN,1964,190889.90620129593,58520.576817747824,3.2619279675897492,1364242.25,418231.875,7.1467490196228,0.0349248200654984,0.224586725234985,2.70925569534302
Canada,CAN,1965,194185.49625125757,59783.84687394472,3.248126482404203,1446952.75,445473.03125,7.45139455795288,0.0352236442267895,0.244233533740044,2.72955131530762
Canada,CAN,1966,199715.16971499394,61754.47601079518,3.2340193394254064,1539131.25,475919.0,7.70663166046143,0.0357742458581924,0.248141750693321,2.74999904632568
Canada,CAN,1967,205750.21765718583,62286.65417285757,3.3032793363115798,1614439.375,488738.375,7.84659862518311,0.036258652806282,0.225515156984329,2.77060008049011
Canada,CAN,1968,215493.2306472018,65485.44989431952,3.2907039807310627,1692662.75,514377.09375,7.85483026504517,0.0364661179482937,0.220973491668701,2.79135537147522
Canada,CAN,1969,220003.49559732075,66851.26449235147,3.290939928630544,1782433.125,541618.25,8.10184001922607,0.0365667305886745,0.232024475932121,2.81226634979248
Canada,CAN,1970,229560.24263859403,68701.14474472124,3.3414325698878935,1857970.375,556040.0625,8.09360694885254,0.0366115048527718,0.211418211460114,2.83333349227905
Canada,CAN,1971,233978.06579433254,69659.56283839437,3.3588793305686737,1942730.25,578386.4375,8.30304431915283,0.0365715064108372,0.219790771603584,2.85760188102722
Canada,CAN,1972,235917.05569066494,70904.70444732464,3.327241225099931,2030653.375,610311.4375,8.60748863220215,0.0365008041262627,0.222170814871788,2.88207769393921
Canada,CAN,1973,235599.54299244023,72092.81379888905,3.2680031556220217,2128702.5,651377.125,9.03525733947754,0.0365358591079712,0.235908001661301,2.90676331520081
Canada,CAN,1974,235121.65031959506,70923.72264072145,3.3151340844113846,2231910.5,673248.9375,9.49257755279541,0.0367164649069309,0.263305753469467,2.93166065216064
Canada,CAN,1975,243860.7062127805,71296.19776604176,3.4203886582144056,2338360.25,683653.375,9.58891773223877,0.0369169339537621,0.264593780040741,2.9567711353302
Canada,CAN,1976,251948.84209024938,74462.20834082535,3.3835800428727487,2449426.25,723915.5625,9.72191905975342,0.0370394513010979,0.263618499040604,2.98209643363953
Canada,CAN,1977,259099.1757877678,75787.40070347392,3.41876318995977,2562379.25,749504.75,9.88956928253174,0.0370754934847355,0.255155861377716,3.00763869285584
Canada,CAN,1978,262505.03014087357,76257.30053632484,3.442359332085594,2676455.25,777506.0625,10.1958246231079,0.0370797216892242,0.244994595646858,3.03339982032776
Canada,CAN,1979,262732.17635979445,75716.73918971645,3.4699351711580007,2798397.75,806469.75,10.6511421203613,0.0371505878865719,0.267371296882629,3.05938172340393
Canada,CAN,1980,267156.9297712503,75202.78761413932,3.5524870586182966,2927349.25,824028.125,10.9574146270752,0.0373449996113777,0.255264043807983,3.08558583259583
Canada,CAN,1981,272654.4230836181,75546.80614594823,3.609079417028953,3075546.5,852169.25,11.2800168991089,0.0374391749501228,0.271601021289825,3.10549879074097
Canada,CAN,1982,291819.18381296966,75588.20937120786,3.860644222697063,3185758.25,825188.25,10.9168910980225,0.0372738130390644,0.217784374952316,3.12554049491882
Canada,CAN,1983,298806.9767826294,76917.6971340929,3.884762387798874,3287797.75,846331.75,11.0030822753906,0.0369065329432488,0.225499927997589,3.14571118354797
Canada,CAN,1984,300390.6163418475,79399.5964022576,3.7832763635219986,3390773.5,896253.1875,11.287880897522,0.0365178622305393,0.234686121344566,3.16601204872131
Canada,CAN,1985,301211.09307445574,80564.9797199755,3.7387347966994233,3509605.5,938714.75,11.651647567749,0.0362178571522236,0.245672896504402,3.18644404411316
Canada,CAN,1986,302440.3278708735,79807.21547370871,3.789636389086998,3632857.0,958629.4375,12.0118141174316,0.0359288156032562,0.250235885381699,3.20700788497925
Canada,CAN,1987,306219.7097841464,80920.69326998269,3.7841953326138618,3775359.0,997664.9375,12.3289222717285,0.0356264002621174,0.255505740642548,3.22770428657532
Canada,CAN,1988,309448.75683105085,81858.4516678872,3.780290862164531,3937817.0,1041670.375,12.7252635955811,0.0354514941573143,0.272270172834396,3.24853444099426
Canada,CAN,1989,316147.45292692725,82065.05007977455,3.8524006580097585,4106727.0,1066017.625,12.9899101257324,0.0353579111397266,0.274137705564499,3.26949906349182
Canada,CAN,1990,325193.05408259213,81628.68710819264,3.9838084575778288,4255429.0,1068181.125,13.0858545303345,0.035179790109396,0.247169330716133,3.29059886932373
Canada,CAN,1991,340537.56325298833,81286.89461642723,4.18932922533086,4381388.5,1045844.875,12.8660945892334,0.0349638611078262,0.239416092634201,3.31135082244873
Canada,CAN,1992,352617.92577370646,82803.42296479298,4.258494554308888,4493383.0,1055157.625,12.742922782898,0.0346817299723625,0.224917829036713,3.33223342895508
Canada,CAN,1993,358890.6368805381,84547.5034328731,4.244840146764132,4598013.5,1083200.625,12.8117399215698,0.0343745537102222,0.2301404774189,3.35324788093567
Canada,CAN,1994,360728.3583894731,86549.79644031267,4.167870673598201,4717530.5,1131880.25,13.0777921676636,0.0341739840805531,0.236922577023506,3.37439489364624
Canada,CAN,1995,362281.50537768163,87263.75130358819,4.151569236547193,4825124.5,1162241.125,13.3187160491943,0.0340967401862145,0.230989620089531,3.39567494392395
Canada,CAN,1996,367695.4163064858,87917.40978958998,4.182282180360862,4942917.5,1181870.875,13.442967414856,0.0341062806546688,0.225089505314827,3.41708946228027
Canada,CAN,1997,370787.1228195925,89769.80041032293,4.1304216019728885,5090566.5,1232456.875,13.7290811538696,0.0342113003134728,0.247120290994644,3.43863916397095
Canada,CAN,1998,372189.7085245514,90953.82901010805,4.092073006439218,5239633.5,1280435.0,14.0778570175171,0.0344672687351704,0.241883561015129,3.46032452583313
Canada,CAN,1999,373331.6093112267,93205.64359821,4.005461417342721,5392401.5,1346262.25,14.4439992904663,0.0347501859068871,0.23669907450676,3.48214673995972
Canada,CAN,2000,374784.02150199184,95598.85202095489,3.9203820294812814,5549067.5,1415440.5,14.806040763855,0.0349996536970139,0.238426089286804,3.50410676002502
Canada,CAN,2001,381797.29103057494,96316.54185162325,3.963984624974785,5715992.0,1441981.375,14.9712743759155,0.03523138910532,0.228089690208435,3.51891613006592
Canada,CAN,2002,383688.8882850498,96935.49793605937,3.9581876242915555,5878819.5,1485230.125,15.3218393325806,0.0352954380214214,0.227262988686562,3.53378772735596
Canada,CAN,2003,385682.3071786953,96311.6173910529,4.004525286006921,6055079.0,1512059.125,15.6996545791626,0.0352766141295433,0.237979024648666,3.54872250556946
Canada,CAN,2004,392148.0129370977,97710.81053695285,4.013353392343346,6256085.0,1558817.375,15.9533767700195,0.0353390164673328,0.247072383761406,3.56372046470642
Canada,CAN,2005,401192.3484502884,99535.76759407796,4.030634998329565,6484737.5,1608862.5,16.1636619567871,0.0355406701564789,0.257928103208542,3.57878160476685
Canada,CAN,2006,409525.77571974153,100495.49146339486,4.0750661522851495,6729171.0,1651303.5,16.4316177368164,0.035840954631567,0.264648407697678,3.59390640258789
Canada,CAN,2007,414844.7557631467,100232.23529451826,4.138835720306785,6974573.5,1685153.5,16.8124904632568,0.0361077524721623,0.264822125434876,3.60909533500671
Canada,CAN,2008,423176.39164476,99806.4530068657,4.239970251378932,7216122.5,1701927.625,17.0522804260254,0.0363057442009449,0.263819366693497,3.62434840202332
Canada,CAN,2009,441021.2496264786,98553.81566958562,4.4749282067886575,7393991.0,1652315.0,16.7656116485596,0.036228321492672,0.244592860341072,3.6396656036377
Canada,CAN,2010,448050.8606654027,100204.82157464437,4.4713503165278485,7616430.5,1703384.875,16.9990310668945,0.0359749384224415,0.255987823009491,3.65504789352417
Canada,CAN,2011,454871.9560944566,101742.4268109683,4.470818815238043,7854439.0,1756823.375,17.2673625946045,0.0358240529894829,0.260898530483246,3.66232514381409
Canada,CAN,2012,463998.2052575853,102270.1777426423,4.536984441595605,8110618.5,1787667.25,17.4798488616943,0.0357082486152649,0.272426635026932,3.66961669921875
Canada,CAN,2013,471782.90952570905,103151.73196869128,4.5736789923111045,8366380.0,1829245.125,17.7335376739502,0.0355474129319191,0.279663532972336,3.67692279815674
Canada,CAN,2014,483763.77407303354,105500.18950162186,4.585430380346346,8628899.0,1881807.875,17.8370094299316,0.0353640206158161,0.271792590618134,3.68424344062805
Canada,CAN,2015,491761.14829646586,105152.79482824868,4.676634121800414,8857728.0,1894039.125,18.0122566223145,0.0351208746433258,0.2535340487957,3.69157862663269
Canada,CAN,2016,499368.5159896997,105514.98116108491,4.73267881484371,9056973.0,1913709.625,18.1368522644043,0.0347716361284256,0.237476378679276,3.69892859458923
Canada,CAN,2017,501518.9527400083,106681.94858768838,4.701066669472946,9269414.0,1971768.25,18.4826793670654,0.0344553366303444,0.24085196852684,3.7062931060791
Canada,CAN,2018,507336.20555187477,108299.39948491716,4.684570809855058,9490253.0,2025853.25,18.7060432434082,0.0342793315649033,0.240449622273445,3.7136721611023
Canada,CAN,2019,508933.10207313375,108207.34179264205,4.703313967811938,9710064.0,2064515.375,19.0792541503906,0.0341662354767323,0.244496420025826,3.72106599807739
Canada,CAN,2020,548084.8388805301,108477.57163133724,5.052517590854681,9905462.0,1960500.25,18.0728626251221,0.0339988805353642,0.229717299342155,3.72847461700439
Canada,CAN,2021,533953.6349621563,108618.86343120741,4.915846272874417,10147049.0,2064151.0,19.0036144256592,0.0339771956205368,0.248292624950409,3.73541975021362
Canada,CAN,2022,528879.0778137373,109290.67033968643,4.8391969430686785,10370393.0,2142998.75,19.6082496643066,0.0341237150132656,0.259902715682983,3.75202083587647
Canada,CAN,2023,523607.9086746085,107475.39435385662,4.87188636824778,10570840.0,2169763.25,20.1884651184082,0.0341532416641712,0.238211080431938,3.76877570152283
Chile,CHL,1951,42324.90570556118,17285.161023274417,2.4486266369500878,85540.8203125,34934.203125,2.02105164527893,0.0296893548220396,0.107130646705627,1.8869377374649
Chile,CHL,1952,42787.13315903442,17961.094647325364,2.3822118862563855,87213.484375,36610.296875,2.03831100463867,0.028221620246768,0.0936642438173294,1.89483451843262
Chile,CHL,1953,43373.46305370868,19118.271607333616,2.2686916445454703,90605.6953125,39937.421875,2.08896613121033,0.0269952639937401,0.11633126437664,1.90276432037354
Chile,CHL,1954,44495.62694011657,18190.468301395646,2.446095735572827,92252.2265625,37714.0703125,2.07328748703003,0.0259869005531073,0.0748656764626503,1.91072738170624
Chile,CHL,1955,45209.802128893876,18792.968231738403,2.4056765047120945,95291.0546875,39610.91796875,2.10775208473206,0.0251350495964289,0.0989922359585762,1.91872370243073
Chile,CHL,1956,46375.81551301714,18754.571684815794,2.472773907738146,98553.8046875,39855.56640625,2.12511205673218,0.0244584064930677,0.109255604445934,1.92343735694885
Chile,CHL,1957,46288.14668782451,19579.01858162199,2.364170936089374,101489.25,42928.05078125,2.19255375862122,0.0239298734813929,0.098370723426342,1.92816269397736
Chile,CHL,1958,46879.99131673767,20172.566451415507,2.3239477946271982,104417.34375,44931.01953125,2.22733283042908,0.0235021021217108,0.0945195555686951,1.93289959430695
Chile,CHL,1959,48214.600399574294,19949.853773147603,2.4167896641162803,106893.171875,44229.40625,2.21702909469605,0.023182213306427,0.0865885317325592,1.93764817714691
Chile,CHL,1960,49194.04105318525,21624.411923771753,2.274930815533816,111227.5703125,48892.7265625,2.26099681854248,0.022930758073926,0.108637198805809,1.94240832328796
Chile,CHL,1961,50547.0990146687,22239.60634262376,2.2728414449401315,116473.6953125,51245.8515625,2.30426073074341,0.0227046012878418,0.126721680164337,1.96002614498138
Chile,CHL,1962,51939.472087535454,23000.096495256705,2.2582284425740085,121038.7421875,53598.98046875,2.33038067817688,0.0224617049098015,0.091903418302536,1.9778037071228
Chile,CHL,1963,53309.38647331723,23927.795213594054,2.2279272284573324,126987.265625,56997.94140625,2.38208079338074,0.0222065821290016,0.105859383940697,1.99574267864227
Chile,CHL,1964,56036.93158546228,24253.567535289705,2.3104613992942182,134711.984375,58305.23046875,2.40398573875427,0.0220015738159418,0.12316158413887,2.01384425163269
Chile,CHL,1965,58480.91360488828,24207.92235981581,2.4157758247756225,142115.609375,58828.14453125,2.43011951446533,0.0218472965061665,0.122877664864063,2.03210997581482
Chile,CHL,1966,62255.58607295594,26416.682667431312,2.3566769096904743,154043.265625,65364.609375,2.47436857223511,0.0217547994107008,0.155141085386276,2.05054140090942
Chile,CHL,1967,65087.01593814261,26723.390972995192,2.435582220980677,164295.28125,67456.265625,2.52424049377441,0.0216952860355377,0.132485762238503,2.06913995742798
Chile,CHL,1968,68133.89001499889,27095.906980187534,2.514545464922737,175538.90625,69809.3984375,2.57638168334961,0.0216372814029455,0.139397397637367,2.08790731430054
Chile,CHL,1969,71639.0583709449,27652.30292872901,2.5907085769885883,187629.4375,72423.984375,2.61909413337708,0.0215896684676409,0.140683352947235,2.10684466362
Chile,CHL,1970,75812.5538440491,27934.039940486233,2.713984586746798,200815.140625,73992.734375,2.64883756637573,0.0215446148067713,0.152014762163162,2.12595391273499
Chile,CHL,1971,77002.17641782157,29098.59998912271,2.646250212952018,213337.921875,80618.953125,2.77054405212402,0.0214938446879387,0.131120771169662,2.15060162544251
Chile,CHL,1972,76735.22760865533,27501.60931186904,2.7902086288287946,222214.765625,79640.9140625,2.8958637714386,0.0214206445962191,0.095559261739254,2.17553520202637
Chile,CHL,1973,78821.18113122047,25767.090678088924,3.0589864457707736,230062.953125,75208.8828125,2.91879606246948,0.0214790180325508,0.0894331112504005,2.2007577419281
Chile,CHL,1974,86105.26821211893,27242.844352894477,3.160656321224787,240025.796875,75941.7578125,2.78758549690247,0.0218121651560068,0.176320314407349,2.22627258300781
Chile,CHL,1975,90962.88694132223,24424.64800556391,3.7242250910064687,246311.140625,66137.5546875,2.70782017707825,0.0222722347825766,0.100670911371708,2.25208330154419
Chile,CHL,1976,90436.78481182206,24721.10497416401,3.6582824637627414,250461.59375,68464.2578125,2.76946592330933,0.022662403061986,0.0957811549305916,2.27819347381592
Chile,CHL,1977,87618.25399525733,25782.1701169205,3.3984049285965505,255608.0,75214.109375,2.91729164123535,0.0230547282844782,0.101682499051094,2.30460619926453
Chile,CHL,1978,88613.62667102073,27499.97290456691,3.222316872039707,262279.5,81394.6953125,2.95981001853943,0.0235423743724823,0.116067573428154,2.3313250541687
Chile,CHL,1979,89442.94402935197,29120.237744666145,3.07150459462629,270708.28125,88135.3984375,3.02660298347473,0.0240725800395012,0.139319553971291,2.35835385322571
Chile,CHL,1980,88410.70245762945,29869.127565337545,2.95993588243361,281601.59375,95137.734375,3.18515276908875,0.0246607419103384,0.173174276947975,2.38569593429565
Chile,CHL,1981,90212.33479559615,30948.074248566365,2.914957941196459,294550.875,101048.0703125,3.2650842666626,0.0252644494175911,0.199316442012787,2.41290974617004
Chile,CHL,1982,96213.23379035445,28103.006307890526,3.4235922212827634,298939.78125,87317.578125,3.10705471038818,0.0253625139594078,0.102085813879967,2.44043397903442
Chile,CHL,1983,88753.18183465548,25002.30717688161,3.5497996727566457,301274.6875,84870.8984375,3.39452266693115,0.0249686948955059,0.0839852243661881,2.46827220916748
Chile,CHL,1984,87334.99665332124,25666.293899249926,3.4027116262341845,305787.84375,89865.9296875,3.50132083892822,0.0246774591505528,0.143769726157188,2.49642777442932
Chile,CHL,1985,85116.76550793409,25021.205994759344,3.4017850908450087,311722.125,91634.8671875,3.66228818893433,0.0245074387639761,0.123198114335537,2.52490472793579
Chile,CHL,1986,82682.3919413503,25336.746214439096,3.2633389955270045,315770.34375,96762.9609375,3.81907606124878,0.0242958255112171,0.111106932163239,2.55370664596558
Chile,CHL,1987,82654.11221987456,26403.80683250514,3.130386188029558,322879.84375,103143.7734375,3.90639781951904,0.0241547785699368,0.135360345244408,2.57534694671631
Chile,CHL,1988,82624.8627691603,27527.5809080304,3.001530103397383,332224.125,110684.921875,4.02087354660034,0.0241734180599451,0.142410904169083,2.59508895874023
Chile,CHL,1989,82834.63202225392,29212.36544916907,2.8356016621245614,347002.5,122373.5,4.18909931182861,0.0243827160447836,0.169595703482628,2.61498236656189
Chile,CHL,1990,83585.70821497685,29357.025128608264,2.847213157627577,361306.65625,126898.3515625,4.32258892059326,0.0247037280350924,0.178022816777229,2.63502812385559
Chile,CHL,1991,84691.8788625712,31019.543529640865,2.7302748275983975,374080.5,137012.03125,4.41695833206177,0.0250235293060541,0.173572763800621,2.64981174468994
Chile,CHL,1992,84694.51837508335,33285.48109377544,2.5444883352135683,391429.8125,153834.390625,4.621666431427,0.0254274029284716,0.193611696362495,2.66467809677124
Chile,CHL,1993,88086.07211432044,35060.835349894965,2.512378020524954,413491.375,164581.671875,4.69417428970337,0.0258461348712444,0.229267373681068,2.67962789535522
Chile,CHL,1994,92156.17232603376,36770.362029714815,2.5062623058092446,436030.0,173976.203125,4.7314248085022,0.0262994877994061,0.217885106801987,2.69466161727905
Chile,CHL,1995,94505.23360367642,39118.53097438959,2.4158686752717733,464971.75,192465.65625,4.92006349563599,0.0269874390214682,0.263627231121063,2.70977973937988
Chile,CHL,1996,96967.3975703465,40421.76517974026,2.398890724815437,495932.5,206734.09375,5.11442518234253,0.0277805645018816,0.275831192731857,2.72498273849487
Chile,CHL,1997,100912.2297439077,42162.548075907784,2.3934091830083255,531373.5625,222015.34375,5.265700340271,0.0284842997789383,0.281542629003525,2.7402708530426
Chile,CHL,1998,105446.64409100192,42945.457038221146,2.455362018784785,567919.25,231297.5625,5.38584470748901,0.0289549510926008,0.280635833740234,2.75564479827881
Chile,CHL,1999,110822.4942789363,42983.62605382289,2.5782490788508046,594710.9375,230664.65625,5.36633777618408,0.0291774719953537,0.237921819090843,2.77110481262207
Chile,CHL,2000,112870.80884012482,43733.01361360759,2.5809062653986623,624921.125,242132.4375,5.53660535812378,0.0294331591576338,0.257474452257156,2.7866518497467
Chile,CHL,2001,116624.3741228526,44447.483190199724,2.6238690191701846,655362.125,249769.375,5.61942672729492,0.029765073210001,0.260464876890183,2.80529260635376
Chile,CHL,2002,119723.23155158866,44938.61108068078,2.664150686291637,686735.375,257768.96875,5.73602437973023,0.0300762113183737,0.262579441070557,2.82405781745911
Chile,CHL,2003,122335.55082154325,45787.08081883863,2.6718355622097127,721246.0625,269944.03125,5.89563751220703,0.0304466094821692,0.263890415430069,2.84294891357422
Chile,CHL,2004,126594.94023075164,47896.9319474602,2.6430699229257106,761100.5625,287960.8125,6.01209306716919,0.0310621839016676,0.247542396187782,2.8619658946991
Chile,CHL,2005,130586.75037403886,48916.25799146846,2.669598120052737,813611.25,304769.1875,6.23042726516724,0.0321212820708752,0.267597109079361,2.88111042976379
Chile,CHL,2006,134479.99094255318,50105.11731496022,2.6839572113405783,867475.6875,323207.71875,6.45059299468994,0.0332786254584789,0.25595161318779,2.90038323402405
Chile,CHL,2007,139597.76850165945,51259.4893000325,2.7233546492155734,925700.5,339911.84375,6.63119840621948,0.0344804413616657,0.259587407112122,2.91978454589844
Chile,CHL,2008,148586.98310343677,52487.83241505911,2.8308843453174526,998714.5,352792.40625,6.72141313552856,0.0357838310301304,0.339878559112549,2.93931579589844
Chile,CHL,2009,156383.7407842547,51700.925064106035,3.024776454006351,1055187.5,348848.09375,6.74742460250855,0.0366763025522232,0.249978959560394,2.95897746086121
Chile,CHL,2010,162276.1318768149,53600.05846192073,3.0275364716645092,1117952.375,369261.40625,6.8891978263855,0.0376171432435513,0.270253241062164,2.97877097129822
Chile,CHL,2011,167305.23127700482,55079.957309765254,3.0374974754626924,1191439.875,392243.90625,7.12135457992554,0.0392434224486351,0.281995356082916,2.9968798160553
Chile,CHL,2012,172794.64875981503,56429.26500161847,3.062146011557284,1275040.375,416387.84375,7.37893438339233,0.0410503335297108,0.302271455526352,3.01509833335876
Chile,CHL,2013,179719.18251515407,57006.64399678177,3.152600642923303,1356135.5,430164.0625,7.54585838317871,0.0422637388110161,0.279147356748581,3.03342795372009
Chile,CHL,2014,187176.4794913694,57389.89815511884,3.2614882672461123,1428125.5,437875.40625,7.62983417510986,0.0427651293575764,0.250608861446381,3.05186891555786
Chile,CHL,2015,193044.31450710454,57638.29124711239,3.3492372922623,1498107.875,447298.21875,7.76043510437012,0.0428218133747578,0.260645896196365,3.07042193412781
Chile,CHL,2016,199155.16327455585,58021.57672758398,3.4324328035690157,1562235.75,455139.5,7.84431457519531,0.0426662340760231,0.249159440398216,3.08908796310425
Chile,CHL,2017,204251.99646537277,58188.06399378723,3.5102043691843887,1619323.75,461318.9375,7.92806816101074,0.0424395613372326,0.252487003803253,3.10786700248718
Chile,CHL,2018,210487.879824057,60011.95785970499,3.5074323073433504,1682605.375,479725.6875,7.99383497238159,0.0423488058149815,0.260097324848175,3.12676072120667
Chile,CHL,2019,214317.30090466357,59121.955713768526,3.6250035763744637,1750039.125,482768.9375,8.16564559936523,0.0423667579889298,0.249209716916084,3.14576888084412
Chile,CHL,2020,251102.99042658365,63209.084049166566,3.972577584438111,1800015.25,453110.15625,7.16843414306641,0.0421399511396885,0.200435951352119,3.16489291191101
Chile,CHL,2021,247095.18949262964,66724.05811373127,3.7032398280011005,1868156.5,504465.4375,7.56047296524048,0.0421045534312725,0.244457691907883,3.18922209739685
Chile,CHL,2022,240276.56736951118,63786.10579367704,3.766910746153894,1939398.0,514851.0625,8.07152366638184,0.0425509959459305,0.247860506176949,3.21398735046387
Chile,CHL,2023,242601.35194379798,62430.470446061976,3.8859446390588737,2005060.0,515977.5,8.2648344039917,0.0428671650588512,0.229372635483742,3.23919916152954
China,CHN,1952,1670.1121493724838,784.3859795692632,2.1291968404249233,398372.5625,187099.921875,238.530426025391,0.0417744219303131,0.166820287704468,1.11706721782684
China,CHN,1953,1752.2683991142662,820.3753357070859,2.1359350078509816,428302.59375,200522.296875,244.427505493164,0.0441371127963066,0.196472749114037,1.13034534454346
China,CHN,1954,1846.858584990487,831.6458146167336,2.2207273246984562,462017.84375,208047.984375,250.164169311523,0.0466292947530746,0.213891625404358,1.14378142356873
China,CHN,1955,1921.522047895563,845.6766801009397,2.272171023642523,491488.34375,216307.8125,255.780746459961,0.0485806949436665,0.195018351078033,1.1573771238327
China,CHN,1956,1999.817960172762,929.1478906730175,2.152313942965761,526665.4375,244697.3125,263.356689453125,0.0501770935952663,0.208110272884369,1.17162132263184
China,CHN,1957,2078.3655675373484,944.7357860463208,2.199943728431438,564802.3125,256734.890625,271.753112792969,0.0517155379056931,0.218790501356125,1.18604075908661
China,CHN,1958,2170.4337507630876,1005.0014121032842,2.159632538446654,633749.5,293452.46875,291.992095947266,0.0538623072206974,0.294631272554398,1.20063769817352
China,CHN,1959,2422.4363548586316,1016.2595206258936,2.3836788789606635,735937.6875,308740.28125,303.800628662109,0.0569047182798386,0.40577644109726,1.21541428565979
China,CHN,1960,2783.695482716383,1027.5276140609633,2.7091198763162647,818756.8125,302222.4375,294.125854492188,0.0591875500977039,0.376908421516418,1.23037278652191
China,CHN,1961,2914.9833071936623,861.818254771094,3.382364310637521,829186.875,245150.078125,284.456817626953,0.0592349506914616,0.204377561807632,1.25271499156952
China,CHN,1962,2933.8701617879283,873.7866516330089,3.3576504702891206,820127.375,244256.328125,279.537719726563,0.0579154118895531,0.130818575620651,1.27546286582947
China,CHN,1963,2958.6674039958843,942.5230881104786,3.139092762095905,830423.9375,264542.65625,280.674987792969,0.0567305125296116,0.179380238056183,1.298623919487
China,CHN,1964,3001.138663515072,1043.3886291342064,2.876338288261189,859110.5625,298682.03125,286.261535644531,0.055972583591938,0.211437284946442,1.32220542430878
China,CHN,1965,3120.984638588915,1151.5938772218303,2.710143480545549,909331.5625,335528.9375,291.360473632813,0.0556058995425701,0.244210228323936,1.34621524810791
China,CHN,1966,3262.8928780758965,1205.7694573759027,2.706066950125673,978724.375,361677.8125,299.956024169922,0.0553862638771534,0.27419114112854,1.36638224124908
China,CHN,1967,3236.2187902734036,1115.2538663925027,2.9017776918734737,1014783.125,349710.84375,313.570617675781,0.0550731644034386,0.207296058535576,1.38685119152069
China,CHN,1968,3204.100198426847,1039.0779605116336,3.0835994219809777,1049282.875,340278.59375,327.481292724609,0.0545930787920952,0.212749153375626,1.4076269865036
China,CHN,1969,3188.8641743860194,1089.9266115770668,2.9257604507627355,1094459.875,374077.0625,343.213073730469,0.0541658326983452,0.221753880381584,1.42871379852295
China,CHN,1970,3312.064564462096,1163.9250280011695,2.8455995745275513,1189310.25,417947.15625,359.084259033203,0.0539230965077877,0.303971648216248,1.4501166343689
China,CHN,1971,3460.5154142495403,1196.2009982026743,2.892921356401694,1293724.375,447203.4375,373.853088378906,0.0536716319620609,0.311365634202957,1.4778516292572
China,CHN,1972,3635.290615176644,1208.8784798603708,3.007159673813146,1395914.875,464197.125,383.989898681641,0.0534064956009388,0.28975060582161,1.50611710548401
China,CHN,1973,3833.434300474619,1276.5156811660727,3.0030452089494504,1504131.5,500868.75,392.371795654297,0.0532309450209141,0.31240239739418,1.53492307662964
China,CHN,1974,4037.5168889491106,1269.5409690095044,3.180296648558873,1629548.125,512388.71875,403.6015625,0.0530846677720547,0.320044279098511,1.56428015232086
China,CHN,1975,4292.1697739160345,1341.4303450956324,3.1996963462236567,1782123.875,556966.5625,415.203491210938,0.0529184490442276,0.341813534498215,1.59419858455658
China,CHN,1976,4507.898739314361,1285.858422090507,3.50575044800466,1921344.5,548055.125,426.217315673828,0.0525164715945721,0.322095960378647,1.62360882759094
China,CHN,1977,4732.402703970139,1352.5119210702755,3.4989730073693344,2063369.75,589707.25,436.008911132813,0.052021186798811,0.324735194444656,1.65356159210205
China,CHN,1978,5015.615863825648,1474.5740472293987,3.401399796266299,2240512.25,658703.0,446.707305908203,0.0519935600459576,0.358896791934967,1.68406701087952
China,CHN,1979,5262.408596621147,1542.1144976609821,3.4124629556384813,2418464.75,708715.3125,459.57373046875,0.0523055642843246,0.35288879275322,1.71366083621979
China,CHN,1980,5512.308087839972,1603.9488713332591,3.4367105999195267,2626428.75,764227.5,476.466247558594,0.052294172346592,0.354997426271439,1.73743569850922
China,CHN,1981,5679.761868356762,1617.7810847383153,3.5108346376020916,2820224.5,803291.75,496.539215087891,0.0518098957836628,0.343189567327499,1.75906920433044
China,CHN,1982,5822.653590161367,1677.1444533189551,3.47176629814965,3040363.75,875739.75,522.161193847656,0.0513186901807785,0.343011111021042,1.78097200393677
China,CHN,1983,6127.295180179811,1809.0828217925916,3.386962225481955,3285501.75,970043.8125,536.20751953125,0.0511614084243774,0.334270507097244,1.80314755439758
China,CHN,1984,6490.179519123861,2030.1259214682157,3.196934461301825,3572324.5,1117421.875,550.419982910156,0.0515205040574074,0.33198681473732,1.825599193573
China,CHN,1985,6945.0412329598785,2243.6948604306967,3.0953590684014483,3923363.75,1267498.75,564.915832519531,0.0524646081030369,0.368710339069366,1.84833037853241
China,CHN,1986,7442.291268680328,2390.43849364516,3.1133581928442084,4299320.0,1380926.875,577.687683105469,0.0533456206321716,0.351669996976852,1.86939430236816
China,CHN,1987,7975.537283771353,2617.9865800745133,3.0464393303132793,4697350.5,1541915.0,588.969787597656,0.0538971684873104,0.348089814186096,1.89069819450378
China,CHN,1988,8510.58148429178,2832.0934727899194,3.00504964474493,5153502.0,1714947.375,605.54052734375,0.054425623267889,0.368199467658997,1.91224467754364
China,CHN,1989,8744.52341655025,2847.660904777299,3.070774122677403,5487767.0,1787095.625,627.566162109375,0.0543919876217842,0.352550059556961,1.93403697013855
China,CHN,1990,8916.210162385241,2868.6212238373173,3.108186639732848,5772352.5,1857144.75,647.399780273438,0.0538391247391701,0.308918327093124,1.9560774564743
China,CHN,1991,9245.339982613308,3060.6508375874096,3.0207104544800165,6129512.0,2029162.375,662.983947753906,0.0535467527806759,0.308955043554306,1.99119687080383
China,CHN,1992,9948.999653122479,3458.298244184111,2.876848366058049,6667980.0,2317807.25,670.216125488281,0.0538966096937656,0.325332790613174,2.0269467830658
China,CHN,1993,11031.461969234098,3902.269788306763,2.826934724577505,7461987.5,2639603.75,676.427795410156,0.055012833327055,0.341601729393005,2.0633385181427
China,CHN,1994,12220.987272996375,4374.587783859105,2.793631737849242,8335410.0,2983718.25,682.057006835938,0.0562056750059128,0.339717358350754,2.10038375854492
China,CHN,1995,13497.482593187387,4815.4195015428595,2.8029712860661045,9279385.0,3310553.0,687.490051269531,0.0564521700143814,0.347192525863647,2.13809394836426
China,CHN,1996,14865.117962885719,5243.8337620358725,2.8347805513030733,10315911.0,3639051.0,693.967651367188,0.0559346154332161,0.336187899112701,2.17208456993103
China,CHN,1997,16268.806829385509,5665.978024666292,2.8713148477739976,11413979.0,3975175.0,701.586730957031,0.0554078593850136,0.323504030704498,2.20661544799805
China,CHN,1998,17924.875492130726,6045.288734595741,2.9650983235177764,12711590.0,4287072.0,709.1591796875,0.0549055337905884,0.31514298915863,2.24169540405273
China,CHN,1999,19618.999343199404,6441.16470414374,3.0458776082186003,14058341.0,4615530.5,716.567687988281,0.0542464107275009,0.30110040307045,2.27733302116394
China,CHN,2000,21399.042950269275,6918.494348817432,3.093020225408868,15487957.0,5007389.5,723.768676757813,0.0535032488405705,0.293627679347992,2.31353735923767
China,CHN,2001,23425.653787862087,7420.943446411121,3.156694826880952,17124416.0,5424793.0,731.01123046875,0.0527944341301918,0.312093049287796,2.32968354225159
China,CHN,2002,25811.976471242997,8033.330077081989,3.213110406714284,19022494.0,5920274.0,736.9638671875,0.0521986521780491,0.317121773958206,2.34594249725342
China,CHN,2003,28820.371831623885,8783.962331513654,3.2810217922072478,21374392.0,6514553.5,741.641784667969,0.0521982535719872,0.338971197605133,2.36231517791748
China,CHN,2004,32213.31253369746,9608.332938276944,3.352643246298067,24049898.0,7173414.0,746.582580566406,0.052845660597086,0.351102739572525,2.37880182266235
China,CHN,2005,36004.31909178431,10635.783040723263,3.3852062376533696,27050484.0,7990793.5,751.312194824219,0.0536323301494122,0.32994744181633,2.39540362358093
China,CHN,2006,40285.373316768455,11921.647223602498,3.379178444150855,30437274.0,9007300.0,755.541564941406,0.0540632195770741,0.348388254642487,2.40445852279663
China,CHN,2007,45067.023685129025,13547.608350940547,3.3265667649744413,34227428.0,10289115.0,759.478332519531,0.0537730939686298,0.36857408285141,2.41354775428772
China,CHN,2008,50398.5506701048,14783.434411591052,3.4091232975329113,38462012.0,11282083.0,763.157104492188,0.0534361973404884,0.396809875965118,2.4226713180542
China,CHN,2009,57319.64912676641,16092.394495639895,3.5619092697669514,43962712.0,12342457.0,766.974548339844,0.0538002103567123,0.439253717660904,2.43182945251465
China,CHN,2010,64978.01797276201,17706.563360179163,3.66971369039873,50110612.0,13655183.0,771.193298339844,0.0544898919761181,0.457911103963852,2.44102191925049
China,CHN,2011,73376.4445368891,19369.19551856926,3.788306254978069,56670656.0,14959365.0,772.32763671875,0.0549234077334404,0.4685477912426,2.47546982765198
China,CHN,2012,82496.43385673374,20889.74774927828,3.9491349942023075,63722176.0,16135730.0,772.423400878906,0.0551375187933445,0.452500849962235,2.51040363311768
China,CHN,2013,92221.01591970352,22475.59361425795,4.103162635099473,71349296.0,17388854.0,773.677185058594,0.055157445371151,0.452878624200821,2.54583048820496
China,CHN,2014,102535.53856877476,24135.222753759004,4.24837755238058,79360160.0,18680110.0,773.977111816406,0.0548929870128632,0.451026409864426,2.57462215423584
China,CHN,2015,113343.39835883603,25819.948016672042,4.389760904462308,87775192.0,19995438.0,774.418212890625,0.0544183179736137,0.42890927195549,2.59902787208557
China,CHN,2016,125172.09822857402,27639.54144669886,4.528732810924546,96755824.0,21364878.0,772.982360839844,0.0537576451897621,0.426700562238693,2.62366509437561
China,CHN,2017,137707.09192792204,29623.023408232522,4.648650815623767,106217664.0,22849138.0,771.330383300781,0.0530018955469132,0.422768205404282,2.64853596687317
China,CHN,2018,151291.8455967608,31708.429921751038,4.771344591016129,116379784.0,24391402.0,769.240295410156,0.0522684007883072,0.434888511896133,2.67364239692688
China,CHN,2019,165813.41563834817,33749.24897757993,4.913099421812325,126968344.0,25842820.0,765.730224609375,0.0515047647058964,0.431917399168015,2.69898700714111
China,CHN,2020,180673.70221672842,34668.02069955542,5.211537854511705,137695824.0,26421342.0,762.124328613281,0.0506707541644573,0.439069032669067,2.7245717048645
China,CHN,2021,196065.14484634172,37808.50869517456,5.18574129509015,148589856.0,28653542.0,757.859619140625,0.0500542297959328,0.43442291021347,2.73290514945984
China,CHN,2022,214420.33554686292,39625.595701749,5.411157403430501,159623808.0,29499014.0,744.443420410156,0.0496898144483566,0.4394810795784,2.74130630493164
China,CHN,2023,227766.95282502062,41331.478428855946,5.510738098011105,171095104.0,31047584.0,751.184936523438,0.0492860600352287,0.429158002138138,2.74977564811707
Czechia,CZE,1990,358592.9674957413,50150.51670917388,7.150334453685598,1934211.5,270506.4375,5.39389133453369,0.0325642861425877,0.208352610468864,3.11439180374146
Czechia,CZE,1991,373194.7940043913,45455.004585367795,8.210202537841669,1962954.875,239087.265625,5.25986671447754,0.0330368056893349,0.175817251205444,3.16500663757324
Czechia,CZE,1992,395990.2486919912,47055.34923707827,8.415414083888304,2001826.75,237876.203125,5.05524253845215,0.0333820320665836,0.189320579171181,3.21644353866577
Czechia,CZE,1993,401873.16433856485,47234.63844815468,8.508018215904539,2025107.875,238023.453125,5.03917169570923,0.0338037945330143,0.190063774585724,3.26871681213379
Czechia,CZE,1994,401936.6167165898,48101.63047370981,8.355987370038742,2046784.875,244948.296875,5.09230756759644,0.0342806205153465,0.212125197052956,3.32183933258057
Czechia,CZE,1995,407019.56274105486,50792.08524053624,8.013444630468134,2084998.25,260187.515625,5.12259960174561,0.0348806828260422,0.243919804692268,3.37582540512085
Czechia,CZE,1996,413612.1929511535,52639.429895593246,7.8574595844127755,2129636.0,271033.65625,5.14887142181397,0.0355934277176857,0.263281673192978,3.41450190544128
Czechia,CZE,1997,423071.5290637077,52717.92496056738,8.025193127008738,2162137.25,269418.71875,5.11057138442993,0.0362655259668827,0.246048286557198,3.45362114906311
Czechia,CZE,1998,436055.73598022945,53468.565903666036,8.155366215841063,2188570.0,268359.5,5.01901435852051,0.0368245095014572,0.243996039032936,3.49318885803223
Czechia,CZE,1999,450013.9922617695,55409.53839747153,8.121597928386725,2209549.75,272058.5,4.90995788574219,0.0373577177524567,0.239972665905952,3.53320980072022
Czechia,CZE,2000,459179.7262161543,58135.088374662846,7.898495367494438,2235036.0,282969.84375,4.86745357513428,0.038005068898201,0.24835716187954,3.57368922233582
Czechia,CZE,2001,464134.26291171525,59737.11780755456,7.769612595086054,2262703.0,291224.6875,4.87510442733765,0.0388138182461262,0.245937138795853,3.58205246925354
Czechia,CZE,2002,464866.8117674596,60081.17583033854,7.737312150484259,2287399.0,295632.25,4.9205470085144,0.0395876355469227,0.244210094213486,3.59043526649475
Czechia,CZE,2003,473080.0866659329,62508.71646401893,7.568225895955579,2311265.0,305390.59375,4.88556814193726,0.0402133278548718,0.250937730073929,3.59883761405945
Czechia,CZE,2004,478878.1295471593,65547.34790795713,7.305835321050813,2336807.5,319854.9375,4.87975406646729,0.0408036410808563,0.26677080988884,3.60725975036621
Czechia,CZE,2005,476001.3462736679,68455.40625966269,6.9534514844323025,2365882.75,340245.8125,4.97032785415649,0.0414648056030273,0.271800458431244,3.61570143699646
Czechia,CZE,2006,476391.07304885366,72076.6207300916,6.609508995057019,2397803.25,362780.84375,5.03326654434204,0.0422199629247189,0.287047535181046,3.61983227729797
Czechia,CZE,2007,476497.3310558603,74645.62189149777,6.383459859822456,2442907.0,382693.25,5.12680101394653,0.0431712716817856,0.309758722782135,3.62396788597107
Czechia,CZE,2008,477132.57276197016,75442.35333571752,6.324465657092326,2483556.0,392690.25,5.20516967773438,0.0442171357572079,0.327301234006882,3.62810850143433
Czechia,CZE,2009,491112.4027897501,73275.22335654327,6.702298270727757,2505638.5,373847.65625,5.10196542739868,0.0449099615216255,0.276983827352524,3.63225340843201
Czechia,CZE,2010,499711.5141930735,75924.19254508757,6.581716544384977,2527355.5,383996.40625,5.05762910842896,0.0452726818621159,0.273079186677933,3.63640332221985
Czechia,CZE,2011,503873.27900240244,77274.60051521937,6.520554951340883,2548247.75,390802.28125,5.05731868743897,0.0457075461745262,0.278290778398514,3.65747833251953
Czechia,CZE,2012,503912.5581898531,76267.63030547534,6.607161598852989,2562194.5,387790.5,5.08460140228272,0.0461260341107845,0.281768977642059,3.67071223258972
Czechia,CZE,2013,503678.3335961168,75895.47820910644,6.636473548639978,2572485.25,387628.34375,5.10739707946777,0.0464409068226814,0.269786953926086,3.69198608398438
Czechia,CZE,2014,503246.05596749764,77154.07462481521,6.522611520061413,2585116.0,396331.4375,5.13688278198242,0.0467650666832924,0.274357676506043,3.70266890525818
Czechia,CZE,2015,500562.7592194493,79841.06077585917,6.269490339371844,2608011.0,415984.53125,5.21015787124634,0.0472945794463158,0.287006676197052,3.71070146560669
Czechia,CZE,2016,498356.7426974438,81053.77595085565,6.1484704056181965,2623678.75,426720.5625,5.2646598815918,0.0479321107268333,0.267022788524628,3.72951197624207
Czechia,CZE,2017,495040.48613803706,84110.64984565641,5.885586272920725,2641434.75,448797.21875,5.33579540252686,0.0484759099781513,0.272257596254349,3.74300670623779
Czechia,CZE,2018,494852.0867364234,85552.85735778614,5.784167846866041,2669390.75,461499.53125,5.39432048797607,0.0490959845483303,0.289805740118027,3.75383734703064
Czechia,CZE,2019,502769.9307124328,88817.4357236157,5.660712073212346,2705569.0,477955.59375,5.38132619857788,0.0498383194208145,0.290408998727798,3.76469922065735
Czechia,CZE,2020,517315.7160163803,85748.72610434507,6.0329259630851455,2730506.25,452600.65625,5.27822017669678,0.0502872131764889,0.280496895313263,3.76918435096741
Czechia,CZE,2021,519652.8114220683,88476.82684121621,5.873321071455878,2765371.0,470836.0,5.32157421112061,0.0507710687816143,0.313814491033554,3.77368021011353
Czechia,CZE,2022,528243.8172369759,91063.71954834355,5.8008152956737495,2808995.5,484241.5,5.31761169433594,0.0517864339053631,0.340984344482422,3.77818751335144
Czechia,CZE,2023,529895.965911189,89902.17800792534,5.89413935961013,2851751.5,483828.3125,5.3817195892334,0.0527059659361839,0.312241137027741,3.78270554542542
France,FRA,1950,132332.32918563136,21604.744726236586,6.125151250916115,2590043.75,422853.84375,19.5722675323486,0.0255272891372442,0.232644572854042,2.18359756469727
France,FRA,1951,134705.82588965318,22649.587573421733,5.947385375251793,2654590.0,446345.71875,19.7065715789795,0.0254466012120247,0.238411992788315,2.19197201728821
France,FRA,1952,137288.1452557801,23288.6280227641,5.895072269675314,2716462.75,460802.28125,19.7865791320801,0.0253475178033113,0.231114357709885,2.20037865638733
France,FRA,1953,140929.9143562339,24200.986467782204,5.823312803544112,2778104.0,477065.90625,19.7126636505127,0.0252345893532038,0.218364998698235,2.20881748199463
France,FRA,1954,144842.80748894368,25524.423733342133,5.674674931044101,2861011.5,504171.875,19.7525272369385,0.0251297987997532,0.231525897979736,2.21728873252869
France,FRA,1955,148591.97760266918,26688.106562850957,5.567722732698645,2958008.25,531277.9375,19.9069175720215,0.0250292140990496,0.237560987472534,2.2257924079895
France,FRA,1956,152392.58806895986,27700.970786212376,5.501344672902594,3071862.5,558383.9375,20.1575584411621,0.0249447766691446,0.252172887325287,2.20372319221497
France,FRA,1957,157708.03696118406,29003.064703481778,5.437633525061627,3203332.0,589104.0625,20.3117866516113,0.0249017160385847,0.264951139688492,2.18187284469605
France,FRA,1958,165306.057657689,29876.251732874698,5.533025331815385,3349514.75,605367.6875,20.2625045776367,0.0248808246105909,0.274230599403381,2.16023921966553
France,FRA,1959,172900.8201860574,30845.220406952263,5.605433123995021,3484512.75,621631.3125,20.1532459259033,0.0248232297599316,0.259727835655212,2.1388201713562
France,FRA,1960,181350.78706539655,33299.34470749979,5.446076751911341,3661011.75,672229.1875,20.1874599456787,0.0247979648411274,0.284262269735336,2.11761331558228
France,FRA,1961,190245.28293661826,35014.010275955894,5.433404555411912,3839045.0,706563.4375,20.1794490814209,0.0248186346143484,0.27898496389389,2.13618278503418
France,FRA,1962,200208.90146592204,37372.24743363397,5.357154445192388,4036869.0,753547.25,20.1632843017578,0.0248567517846823,0.280614405870438,2.15491509437561
France,FRA,1963,209060.70973447154,39497.44278490563,5.29301886385329,4246790.5,802338.0625,20.3136711120605,0.0249204896390438,0.28243812918663,2.17381167411804
France,FRA,1964,218697.50420731088,41633.81200195764,5.252882061268558,4489864.5,854743.0625,20.5300216674805,0.0249953884631395,0.299032062292099,2.19287395477295
France,FRA,1965,229721.8746413954,43524.59755040105,5.277978145010525,4730681.5,896305.625,20.5930824279785,0.0250603538006544,0.290582090616226,2.21210360527039
France,FRA,1966,240702.36613096442,45455.73445128142,5.295313540449875,4995013.0,943289.375,20.751823425293,0.0251298099756241,0.29780039191246,2.23150157928467
France,FRA,1967,253238.60564930015,47587.11457854706,5.321579337013715,5269817.0,990273.125,20.8096904754639,0.0252221375703812,0.299187809228897,2.25106978416443
France,FRA,1968,267570.58685733675,49798.268795858785,5.373090136008661,5553856.0,1033642.8125,20.7566013336182,0.0253215823322535,0.300890505313873,2.27080965042114
France,FRA,1969,278919.6254227447,52576.215072133884,5.305053340946483,5876580.0,1107732.5,21.0690803527832,0.0254992973059416,0.31661581993103,2.29072260856628
France,FRA,1970,290762.7033090109,55094.02106545323,5.2775727326850355,6208542.5,1176401.125,21.3526096343994,0.0257144328206778,0.314920753240585,2.31081008911133
France,FRA,1971,305822.54960472736,57784.95486513907,5.2924251705044805,6557934.0,1239117.0,21.4435920715332,0.0259261447936296,0.302671641111374,2.33817386627197
France,FRA,1972,320663.07282834983,60039.76153189431,5.340845210686042,6918256.5,1295348.625,21.5748462677002,0.0261454042047262,0.300829201936722,2.36586165428162
France,FRA,1973,333825.28760199127,63144.21598386437,5.286712051144885,7300837.0,1380978.75,21.8702335357666,0.026393486186862,0.30878871679306,2.39387726783752
France,FRA,1974,347965.4870647765,65507.52838977119,5.311839655960982,7679678.5,1445766.25,22.0702304840088,0.0266216900199652,0.311112076044083,2.42222452163696
France,FRA,1975,365338.8354392182,65288.63643136976,5.595749205503102,7999241.0,1429521.0,21.8954029083252,0.0267618522047997,0.262231558561325,2.45090770721436
France,FRA,1976,376388.91639997304,67558.42620700544,5.571309717113327,8313636.5,1492223.0,22.0878887176514,0.0269299168139696,0.278996348381043,2.47993040084839
France,FRA,1977,385877.958816427,69311.55855529875,5.567295943988368,8604457.0,1545536.125,22.2983894348145,0.0271317902952433,0.274904012680054,2.50929665565491
France,FRA,1978,397204.76653547987,71681.60881236079,5.54123677072083,8897798.0,1605742.25,22.4010353088379,0.0273245517164469,0.268121659755707,2.53901100158691
France,FRA,1979,407549.66023515054,73806.62427160898,5.521857479016578,9194331.0,1665079.375,22.5600261688232,0.0275163985788822,0.278780996799469,2.56610155105591
France,FRA,1980,418743.0546118162,74662.25222805107,5.608497495264304,9495147.0,1692993.0,22.6753540039063,0.027704581618309,0.290159642696381,2.58652067184448
France,FRA,1981,431033.79802645056,75546.19670579358,5.705565823585596,9774269.0,1713111.25,22.6763401031494,0.0278786793351173,0.268960535526276,2.60722041130066
France,FRA,1982,440892.6914889436,77109.15024587582,5.7177739617552685,10034431.0,1754954.125,22.759349822998,0.0280307102948427,0.273036003112793,2.62808585166931
France,FRA,1983,450463.32875705964,78005.41204053695,5.774770198290447,10262360.0,1777102.75,22.7817878723145,0.0281433910131454,0.249868988990784,2.64911818504334
France,FRA,1984,462017.9023370116,79651.73228260604,5.800475257685071,10473945.0,1805704.625,22.6699981689453,0.0282023977488279,0.244439303874969,2.67031908035278
France,FRA,1985,471661.9555498016,80941.91894274566,5.82716547507889,10687240.0,1834037.5,22.6586856842041,0.0282811094075441,0.248331025242805,2.69168925285339
France,FRA,1986,478568.1930931484,82342.92086440675,5.811892365115415,10913934.0,1877862.375,22.8053894042969,0.0283983014523983,0.250265538692474,2.71323084831238
France,FRA,1987,484513.03154420934,83601.1284879565,5.795532193252725,11161033.0,1925799.5,23.0355682373047,0.028548140078783,0.256143897771835,2.73494482040405
France,FRA,1988,491541.88349081395,86654.41113440557,5.67243925676682,11449886.0,2018511.875,23.293815612793,0.0287690553814173,0.266753733158112,2.75683236122131
France,FRA,1989,498596.1249006026,89242.45092204632,5.586983770046035,11774180.0,2107430.5,23.6146640777588,0.0290720090270042,0.275694251060486,2.77889513969421
France,FRA,1990,508249.60708211234,90947.46892354352,5.588386494948867,12110387.0,2167063.25,23.82763671875,0.0294456742703915,0.273741662502289,2.80113434791565
France,FRA,1991,519751.43368584965,91789.95814029466,5.662399724504125,12422525.0,2193862.25,23.9008960723877,0.0297950599342585,0.263397723436356,2.81006145477295
France,FRA,1992,534348.658722629,93681.31384900899,5.70389800023371,12703281.0,2227122.75,23.7733936309814,0.0300600752234459,0.251533627510071,2.81901693344116
France,FRA,1993,548749.9101113963,94210.33860623544,5.824731321739211,12925820.0,2219127.25,23.5550289154053,0.0302145816385746,0.224149137735367,2.82800102233887
France,FRA,1994,555076.3600372614,95899.52267499617,5.788103470737985,13150710.0,2272024.0,23.6917133331299,0.030306039378047,0.229948356747627,2.83701348304749
France,FRA,1995,558602.6026893622,97087.15223231638,5.753620225183885,13373653.0,2324389.25,23.9412651062012,0.0304231345653534,0.229408696293831,2.84605479240418
France,FRA,1996,564149.7362675095,97841.05192807465,5.765981918123997,13589628.0,2356862.75,24.0886898040772,0.0305638164281845,0.212013438344002,2.85512518882751
France,FRA,1997,568162.4116544727,99506.31659975708,5.709812513106929,13797318.0,2416422.25,24.2841091156006,0.0307247154414654,0.197766974568367,2.86422419548035
France,FRA,1998,567894.3632100928,101121.73491356744,5.615947587286684,14039035.0,2499851.5,24.7212085723877,0.0309641808271408,0.201549753546715,2.87335228919983
France,FRA,1999,565298.9594611594,102039.245788023,5.540015070627973,14319993.0,2584829.25,25.3317165374756,0.0313322693109512,0.202876448631287,2.88250946998596
France,FRA,2000,563449.4494267544,103643.85965758996,5.43639971811386,14634065.0,2691867.0,25.9722766876221,0.0317638143897057,0.207703351974487,2.89169573783875
France,FRA,2001,567302.0816517265,104124.96663459198,5.448281041400686,14944624.0,2742998.0,26.3433265686035,0.0321874804794788,0.199981734156609,2.90776181221008
France,FRA,2002,575220.5530292373,104728.53314411054,5.492491260597639,15226758.0,2772286.25,26.4711647033691,0.0325171984732151,0.187749981880188,2.92391729354858
France,FRA,2003,585846.4457527972,105713.64060377797,5.541824521478644,15512218.0,2799117.5,26.4783000946045,0.0327398553490639,0.196397542953491,2.94016242027283
France,FRA,2004,596527.2996511766,108612.65787982517,5.492244746567257,15814386.0,2879403.0,26.5107498168945,0.0329345911741257,0.228884980082512,2.95649790763855
France,FRA,2005,604335.6034052692,109917.8095830884,5.498068108320913,16130136.0,2933782.5,26.6906929016113,0.0331221409142017,0.247687250375748,2.97292399406433
France,FRA,2006,610359.9609224314,111663.65062239005,5.4660577324886965,16471458.0,3013407.25,26.9864654541016,0.033309318125248,0.258233040571213,2.98944115638733
France,FRA,2007,615102.3693134503,112811.34375304898,5.452486858590635,16846336.0,3089661.0,27.3878574371338,0.0335348583757877,0.273895651102066,3.00605034828186
France,FRA,2008,624958.743696416,112622.06935409126,5.54916764787463,17210226.0,3101406.75,27.538179397583,0.0338144414126873,0.275339156389236,3.0227518081665
France,FRA,2009,641345.0101995232,110650.8277615849,5.796115792115037,17468370.0,3013806.25,27.2370872497559,0.0339235179126263,0.241322919726372,3.039546251297
France,FRA,2010,650409.208000062,112733.07121873251,5.769462332291941,17735858.0,3074092.0,27.2687683105469,0.0339142270386219,0.25350347161293,3.05643367767334
France,FRA,2011,655308.3468002185,114567.52475535005,5.719843805647176,18011934.0,3149025.5,27.4861965179443,0.0340019650757313,0.253154873847961,3.07526326179504
France,FRA,2012,662282.6776821214,114331.73420572204,5.792640882105816,18274706.0,3154814.25,27.5935134887695,0.0341319479048252,0.255180567502975,3.09420895576477
France,FRA,2013,669822.7637256028,114976.59848023241,5.825731258180885,18522780.0,3179477.25,27.6532554626465,0.0342576950788498,0.24725466966629,3.11327147483826
France,FRA,2014,674807.3738339195,115523.52282425985,5.841298441534459,18757598.0,3211203.5,27.7969665527344,0.0343812629580498,0.252964228391647,3.13245129585266
France,FRA,2015,681926.5838709987,116562.29675437076,5.850318695315416,18986968.0,3245458.75,27.8431262969971,0.0345606282353401,0.24926583468914,3.15174913406372
France,FRA,2016,686445.6369120458,116847.44391862076,5.874716757947446,19230126.0,3273370.75,28.0140552520752,0.0348165035247803,0.244704082608223,3.17116594314575
France,FRA,2017,688396.4425477975,117998.02338477965,5.833965881809784,19494636.0,3341575.25,28.3189086914063,0.035138800740242,0.258188307285309,3.19070243835449
France,FRA,2018,692216.5008951921,118872.728515645,5.823173317705824,19778842.0,3396574.5,28.5732021331787,0.035533394664526,0.274394124746323,3.21035933494568
France,FRA,2019,695371.8796978177,119963.57485397467,5.796525158109512,20087500.0,3465438.25,28.8874206542969,0.0359908454120159,0.287131488323212,3.23013734817505
France,FRA,2020,704269.7296170134,111178.0629973951,6.334610539432715,20318816.0,3207587.25,28.8509006500244,0.0363562926650047,0.279218733310699,3.25003695487976
France,FRA,2021,697824.9249711324,115896.83754607974,6.021086854019484,20642360.0,3428344.5,29.5810012817383,0.0367796495556831,0.278651863336563,3.27051472663879
France,FRA,2022,692008.460395277,116101.30820466614,5.9603846941619985,20959584.0,3516481.75,30.2880458831787,0.0373813062906265,0.282902240753174,3.29128694534302
France,FRA,2023,694955.3268982298,116023.56638985172,5.989777323023365,21260192.0,3549412.75,30.592170715332,0.0378891117870808,0.271760582923889,3.31235980987549
Germany,DEU,1950,49932.28409143629,18674.37127055943,2.6738401720734593,1533460.875,573505.0625,30.7108097076416,0.0320688933134079,0.356086850166321,2.42699718475342
Germany,DEU,1951,52446.342227466164,20107.994964014113,2.6082333082600107,1640982.375,629154.75,31.2887859344482,0.0323934741318226,0.349415749311447,2.46930408477783
Germany,DEU,1952,55460.15500214648,21581.369724432567,2.569816267934063,1767725.375,687880.0625,31.8737907409668,0.0326518975198269,0.364043444395065,2.51234817504883
Germany,DEU,1953,57965.381840728434,22922.883361107608,2.5287125065198435,1894398.25,749155.25,32.6815452575684,0.0328563936054707,0.339336812496185,2.55614304542542
Germany,DEU,1954,60670.01505339436,23973.609490976323,2.530700063176994,2043172.875,807354.8125,33.676815032959,0.0329946950078011,0.352917581796646,2.58732581138611
Germany,DEU,1955,64672.50538810456,26022.18330040762,2.4852835998235205,2249340.25,905063.8125,34.7804718017578,0.0332959815859795,0.39683073759079,2.61760544776917
Germany,DEU,1956,69121.31656315886,27468.11519016264,2.516420077774896,2453411.75,974961.125,35.4942855834961,0.0335868671536446,0.382701635360718,2.61976861953735
Germany,DEU,1957,73401.41222922216,28594.47980865637,2.566978407035103,2654530.5,1034107.0625,36.1645698547363,0.0336378775537014,0.372191786766052,2.6219334602356
Germany,DEU,1958,78214.21961878215,29641.650192836485,2.6386594238158922,2850318.5,1080214.625,36.4424591064453,0.0335550606250763,0.358837783336639,2.62410020828247
Germany,DEU,1959,83773.71523623588,31651.325634782315,2.646767980680568,3083876.75,1165148.125,36.8119850158691,0.0335010401904583,0.378223448991776,2.6262686252594
Germany,DEU,1960,90474.74333614961,33952.05249915172,2.664779790217693,3372031.0,1265407.0,37.2704124450684,0.0335727743804455,0.411973476409912,2.62843894958496
Germany,DEU,1961,97100.10525199068,35291.99383497936,2.7513352095100596,3655636.5,1328677.25,37.648120880127,0.0337216332554817,0.402836233377457,2.65571403503418
Germany,DEU,1962,104357.7922075797,36875.411822927665,2.830010216799644,3939226.0,1391947.625,37.7473106384277,0.0338521189987659,0.3927401304245,2.68327212333679
Germany,DEU,1963,111234.57007058704,37831.62259116787,2.9402537467836694,4204297.5,1429909.75,37.7966804504395,0.0338500067591667,0.378452241420746,2.71111607551575
Germany,DEU,1964,119304.14795414815,40121.8440340341,2.9735459779203115,4515295.0,1518488.375,37.846923828125,0.033817857503891,0.398586004972458,2.73924899101257
Germany,DEU,1965,127475.1481421676,42305.7377978192,3.013188157865876,4842394.5,1607066.75,37.9869689941406,0.0338274128735065,0.39875653386116,2.7676739692688
Germany,DEU,1966,135787.96414867605,43402.52646275554,3.1285728093547287,5146593.0,1645029.0,37.9016876220703,0.0337207242846489,0.377310693264008,2.79639387130737
Germany,DEU,1967,144773.17698080745,44250.53591774658,3.271670590609649,5381993.0,1645029.0,37.1753463745117,0.0333312526345253,0.336824089288712,2.82541155815125
Germany,DEU,1968,151676.28403717958,46466.42683856895,3.264212343336078,5658863.0,1733607.5,37.3088188171387,0.0328213050961494,0.349317848682404,2.8547306060791
Germany,DEU,1969,158876.4614637772,49347.0728646138,3.2195721496929077,5988881.5,1860148.25,37.6952095031738,0.032579068094492,0.36755496263504,2.88435387611389
Germany,DEU,1970,167598.58303520933,51394.83106751067,3.261000757353536,6354799.0,1948726.625,37.9167823791504,0.0327126421034336,0.382926374673843,2.91428446769714
Germany,DEU,1971,178021.49104060847,53092.08970456494,3.3530699588436415,6738914.5,2009774.5,37.8544998168945,0.0329602174460888,0.362704664468765,2.93968844413757
Germany,DEU,1972,187438.4463580645,55174.21500471314,3.3972109316290764,7121239.5,2096201.75,37.9924163818359,0.0330243818461895,0.343712836503983,2.96531367301941
Germany,DEU,1973,195265.88677606458,57270.88996279117,3.4095137495318935,7488477.0,2196347.5,38.350154876709,0.0329472124576569,0.329230308532715,2.99116253852844
Germany,DEU,1974,204448.93030028796,58191.850681742035,3.5133601682208533,7785242.5,2215896.5,38.0791549682617,0.0327640771865845,0.295138359069824,3.01723647117615
Germany,DEU,1975,215235.16259991634,58791.82555492171,3.6609709014538008,8042020.0,2196690.5,37.3638763427734,0.0325482748448849,0.272445380687714,3.04353785514832
Germany,DEU,1976,222654.28108718994,61767.70198659448,3.6047039783916985,8310321.5,2305410.25,37.3238792419434,0.0324441008269787,0.285778492689133,3.070068359375
Germany,DEU,1977,229864.51730756747,63718.08113003023,3.6075241631724637,8595205.0,2382577.25,37.3924827575684,0.0324481949210167,0.284468829631805,3.09683012962341
Germany,DEU,1978,236066.5293259813,65096.320928917135,3.6264189121188206,8900164.0,2454257.0,37.7019309997559,0.0325256213545799,0.289518266916275,3.12382531166077
Germany,DEU,1979,241234.48762760966,66813.98069719084,3.610539068476012,9228963.0,2556117.75,38.2572288513184,0.0326564572751522,0.317206263542175,3.15105581283569
Germany,DEU,1980,246801.66506705133,66940.43310454433,3.6868847962427798,9556881.0,2592129.0,38.7229194641113,0.0328012816607952,0.314077228307724,3.17852354049683
Germany,DEU,1981,253565.7764470528,67176.17021243119,3.774638769152838,9836133.0,2605847.5,38.7912483215332,0.0328760929405689,0.278747051954269,3.2028431892395
Germany,DEU,1982,261329.94339449913,67344.43161400063,3.880498166386926,10072060.0,2595558.5,38.5415458679199,0.0328404419124126,0.268157958984375,3.22734904289246
Germany,DEU,1983,269751.3367246744,68917.31520292658,3.91413008371544,10319101.0,2636371.5,38.2541236877441,0.0327922627329826,0.281838476657867,3.25204229354858
Germany,DEU,1984,275071.4579506459,70624.25588011555,3.894858140772185,10558161.0,2710794.75,38.3833389282227,0.0327149704098702,0.27754881978035,3.27692437171936
Germany,DEU,1985,279126.9253213884,71750.83737655444,3.8902253343261592,10791098.0,2773900.5,38.6601829528809,0.032647505402565,0.270824193954468,3.30199670791626
Germany,DEU,1986,282324.28505658597,72608.25465536614,3.888322152854844,11032526.0,2837348.75,39.0774955749512,0.0326978825032711,0.269442766904831,3.32726120948792
Germany,DEU,1987,286326.17784263444,73058.40115812697,3.919141033799967,11275890.0,2877133.0,39.381275177002,0.0328035652637482,0.266272962093353,3.35271883010864
Germany,DEU,1988,291154.4137331265,75272.2474115371,3.8680180776494364,11541373.0,2983795.0,39.6400413513184,0.0329521000385284,0.276873767375946,3.37837147712708
Germany,DEU,1989,296027.22433438286,77483.4391753402,3.820522520489723,11843850.0,3100060.25,40.0093269348145,0.033193863928318,0.288397878408432,3.40422010421753
Germany,DEU,1990,305666.4074055934,81825.92310329627,3.7355693136479866,12189045.0,3262968.5,39.876953125,0.0335875786840916,0.29082778096199,3.43026661872864
Germany,DEU,1991,321548.8569974308,87850.93989895788,3.6601641071485584,12553080.0,3429649.5,39.0394172668457,0.0341095365583897,0.297377973794937,3.44363522529602
Germany,DEU,1992,335086.86423785845,90699.16477137088,3.6944867693382366,12926008.0,3498729.0,38.5750961303711,0.0345474034547806,0.294391840696335,3.45705556869507
Germany,DEU,1993,347360.2085077604,90879.7260924177,3.8221969128133355,13242672.0,3464675.5,38.1237449645996,0.0346311070024967,0.276688158512116,3.47052812576294
Germany,DEU,1994,355717.3183343114,93104.72674248567,3.8206150297629304,13581039.0,3554673.5,38.1793022155762,0.0344488471746445,0.276704341173172,3.48405337333679
Germany,DEU,1995,362355.6886001124,94000.05219918147,3.8548456104290088,13908999.0,3608185.75,38.3849334716797,0.0342400409281254,0.271418541669846,3.49763154983521
Germany,DEU,1996,370064.1163374812,94839.15183513962,3.9020184088188534,14225370.0,3645644.0,38.4402847290039,0.034065768122673,0.255052149295807,3.51126217842102
Germany,DEU,1997,377950.51419251686,96545.21080065455,3.9147515558581643,14536507.0,3713264.25,38.4614028930664,0.0339398570358753,0.246080353856087,3.52494621276855
Germany,DEU,1998,383455.1982885054,97775.79965319508,3.9217802324153634,14867863.0,3791100.5,38.7734031677246,0.033917210996151,0.244495138525963,3.53868365287781
Germany,DEU,1999,387655.8548035913,98635.6882754869,3.9301784331942677,15217082.0,3871855.25,39.2541007995606,0.0340140722692013,0.236139684915543,3.55247449874878
Germany,DEU,2000,387706.2585309151,99211.71714833044,3.907867635747695,15566046.0,3983258.25,40.1490707397461,0.0342130288481712,0.237588465213776,3.56631898880005
Germany,DEU,2001,395922.05445119314,101021.84485857189,3.9191726799829714,15866557.0,4048445.5,40.074951171875,0.0344065353274345,0.224828809499741,3.57492637634277
Germany,DEU,2002,403155.8999525823,101186.20298654548,3.984297147766174,16093383.0,4039202.5,39.9185104370117,0.034452173858881,0.198769673705101,3.58355450630188
Germany,DEU,2003,412319.93339724164,101657.85308801025,4.055957517027984,16296018.0,4017798.0,39.5227508544922,0.0343957729637623,0.198600709438324,3.59220337867737
Germany,DEU,2004,415512.2377923225,102422.23713615656,4.0568557122996145,16489087.0,4064499.25,39.6837577819824,0.0343610346317291,0.199520483613014,3.60087323188782
Germany,DEU,2005,420481.5069084246,103362.27838187983,4.068036361920386,16680977.0,4100498.5,39.6711311340332,0.0344267562031746,0.198592945933342,3.60956406593323
Germany,DEU,2006,424408.9220739738,106806.443785575,3.9736265625135756,16922098.0,4258603.0,39.8721542358398,0.0346363037824631,0.20874497294426,3.61827564239502
Germany,DEU,2007,424644.103143903,108351.28061696095,3.919142447841365,17172432.0,4381681.0,40.4395866394043,0.0349585488438606,0.215504065155983,3.62700843811035
Germany,DEU,2008,424428.2286206743,107757.48797982224,3.938735363802738,17415402.0,4421572.0,41.0326194763184,0.0352986715734005,0.222388610243797,3.63576221466064
Germany,DEU,2009,426757.75607710663,101518.73100015974,4.203734147114537,17556428.0,4176388.75,41.1390953063965,0.0353787690401077,0.192412778735161,3.64453721046448
Germany,DEU,2010,428695.6026619108,105099.58713627745,4.078946590970356,17741678.0,4349573.5,41.3852577209473,0.0353269502520561,0.208787187933922,3.65333318710327
Germany,DEU,2011,429381.0308435433,107765.63166648986,3.984396733945568,17981700.0,4513029.5,41.8781890869141,0.0354310274124146,0.223236590623856,3.65577626228333
Germany,DEU,2012,430178.5438890353,107126.36579035735,4.015617824008705,18208556.0,4534434.5,42.3279037475586,0.0355237759649754,0.216186225414276,3.65822052955627
Germany,DEU,2013,432376.6649243675,106872.46742145589,4.0457254834331895,18415930.0,4551947.5,42.5923309326172,0.0355362966656685,0.217084497213364,3.66066670417786
Germany,DEU,2014,433973.5072030853,108231.25234927217,4.009687569747535,18647862.0,4650702.0,42.9700469970703,0.0355692952871323,0.221862956881523,3.66311454772949
Germany,DEU,2015,435651.2516408992,109056.19301556196,3.994741055913562,18885398.0,4727565.0,43.3498077392578,0.0357012525200844,0.213471904397011,3.66556406021118
Germany,DEU,2016,436017.0742033361,110133.60492290031,3.958983041629959,19145834.0,4836048.5,43.9107437133789,0.0358863472938538,0.21159616112709,3.66801500320435
Germany,DEU,2017,435991.0158941628,111536.01120350769,3.9089708443908506,19417412.0,4967397.5,44.5362663269043,0.036102369427681,0.224437117576599,3.67046761512756
Germany,DEU,2018,436639.91996972886,111284.64080775362,3.9236314805026224,19707832.0,5022855.0,45.1352043151856,0.0363748222589493,0.237154126167297,3.67292213439941
Germany,DEU,2019,439108.26730410225,111355.70189962712,3.943293965313981,20002264.0,5072476.0,45.5520095825195,0.0366379842162132,0.229864850640297,3.67537784576416
Germany,DEU,2020,447846.42167943396,107565.94623530023,4.163459136963023,20254192.0,4864751.0,45.2257537841797,0.0367265641689301,0.232477098703384,3.67783570289612
Germany,DEU,2021,452438.0515997732,111254.15812903272,4.0667068917553175,20509570.0,5043287.0,45.3312225341797,0.0366800725460053,0.239040970802307,3.68691277503967
Germany,DEU,2022,452925.25903306884,111528.65063245481,4.061066429698807,20761662.0,5112367.0,45.8390464782715,0.0366098992526531,0.237696930766106,3.69603681564331
Germany,DEU,2023,456113.4805508215,110754.12842753466,4.118252628833174,20997920.0,5098745.0,46.0366134643555,0.0364172607660294,0.232496812939644,3.70520830154419
Greece,GRC,1951,128529.6876722566,12559.732105360126,10.233473659633544,437614.59375,42763.0546875,3.40477442741394,0.0269686058163643,0.188646212220192,1.53098547458649
Greece,GRC,1952,124489.47766382467,12235.49056601027,10.174457410776133,428483.125,42113.609375,3.44192242622376,0.0262685026973486,0.142120704054832,1.57154977321625
Greece,GRC,1953,121763.03479011773,13167.419744043766,9.247296521036082,423456.03125,45792.4140625,3.47770595550537,0.0255738999694586,0.172158032655716,1.61318874359131
Greece,GRC,1954,118595.15641221628,13625.412251517871,8.703968307381288,416281.15625,47826.59375,3.51010251045227,0.024877842515707,0.119928650557995,1.65593099594116
Greece,GRC,1955,116396.30325171501,14229.834741925271,8.179736824966584,412114.3125,50382.34375,3.54061341285706,0.024236872792244,0.143516212701797,1.69980573654175
Greece,GRC,1956,115269.48230294517,15361.346003576144,7.503866020341594,411298.09375,54811.4921875,3.56814384460449,0.0236938800662756,0.170942679047585,1.75195348262787
Greece,GRC,1957,114985.66830805328,16371.744965552682,7.02342166641316,412510.21875,58733.51171875,3.5874924659729,0.0232398118823767,0.180381461977959,1.80326318740845
Greece,GRC,1958,115211.7759977709,16997.49829726653,6.778160761239717,416417.3125,61435.1484375,3.61436414718628,0.022860374301672,0.197887629270554,1.85607540607452
Greece,GRC,1959,116529.1117617685,17581.656835007067,6.627880003308099,422306.84375,63716.73046875,3.62404584884644,0.0225428678095341,0.210038259625435,1.91043448448181
Greece,GRC,1960,118367.91391552199,17910.672620128676,6.608792222716178,430879.3125,65197.890625,3.6401698589325,0.0222749263048172,0.235882759094238,1.96638548374176
Greece,GRC,1961,122583.20675017298,20194.97430130556,6.069985775730759,448004.5,73806.515625,3.65469717979431,0.0220775790512562,0.291226506233215,1.97813296318054
Greece,GRC,1962,127822.65958880632,20473.176560034186,6.243420956879243,462486.1875,74075.765625,3.61818623542786,0.0219269506633282,0.266983032226563,1.98995065689087
Greece,GRC,1963,136301.95444592403,23223.865072722238,5.86904694886548,486250.21875,82849.9453125,3.56744861602783,0.0219396259635687,0.319898724555969,2.00183892250061
Greece,GRC,1964,146109.04880296916,25743.00629680566,5.675679332801904,514476.875,90645.8671875,3.52118420600891,0.0221552662551403,0.340368539094925,2.01379823684692
Greece,GRC,1965,157343.69637888717,28716.219285672807,5.479262252931381,550154.1875,100406.6171875,3.4965124130249,0.0224143285304308,0.366396814584732,2.02582883834839
Greece,GRC,1966,168606.94538749865,30859.54208872455,5.463689153349564,584218.75,106927.5234375,3.46497440338135,0.0226389896124601,0.335553526878357,2.03793144226074
Greece,GRC,1967,180512.74175537852,33004.28360482925,5.469373124916595,617983.1875,112989.765625,3.42348790168762,0.0228338856250048,0.32484182715416,2.05010652542114
Greece,GRC,1968,194162.60766372058,35811.61526620103,5.421777437863047,656735.75,121129.234375,3.38240075111389,0.0229236390441656,0.339229434728622,2.06235408782959
Greece,GRC,1969,210080.4562315342,40074.167176712144,5.242291257237055,708423.5,135136.234375,3.37215328216553,0.0230312012135983,0.3834208548069,2.07467484474182
Greece,GRC,1970,226734.67237855893,43695.60310634386,5.188958528086798,763838.9375,147204.671875,3.36886692047119,0.0233445856720209,0.380257427692413,2.087069272995
Greece,GRC,1971,244535.9626458734,46975.16414533271,5.205643601144705,826381.6875,158747.265625,3.37938714027405,0.0237012468278408,0.394738018512726,2.10604977607727
Greece,GRC,1972,267158.47551945713,51460.87431810226,5.191487300974198,907867.75,174876.234375,3.3982367515564,0.023858530446887,0.423333555459976,2.12520289421082
Greece,GRC,1973,289145.1228462611,55050.30425228748,5.252380105315155,992846.25,189027.875,3.43372988700867,0.0239459536969662,0.459698647260666,2.14453029632568
Greece,GRC,1974,301720.59697354335,51438.47754358037,5.865659548689321,1037387.625,176857.796875,3.43823933601379,0.0241800360381603,0.386421829462051,2.16403341293335
Greece,GRC,1975,316268.49432322814,54635.94940408472,5.788651936550463,1088949.625,188118.0,3.44311761856079,0.024257043376565,0.366020888090134,2.18371391296387
Greece,GRC,1976,327709.21791586897,57543.414959630965,5.694990784710471,1144736.75,201007.65625,3.49314785003662,0.0241336897015572,0.369627237319946,2.20357322692871
Greece,GRC,1977,344378.17810017825,58887.71467830704,5.848047932942451,1210073.875,206919.28125,3.51379370689392,0.0239609405398369,0.331162959337235,2.22361326217651
Greece,GRC,1978,365159.72293678054,62993.66385200369,5.796769081326671,1286386.75,221914.4375,3.52280569076538,0.0236702896654606,0.321766465902329,2.24383544921875
Greece,GRC,1979,382853.3038474646,64228.560464908114,5.960795338962021,1366201.625,229197.875,3.56847286224365,0.0234215725213289,0.29355001449585,2.26424169540405
Greece,GRC,1980,392886.27940736327,63551.419412834395,6.182179454642027,1426536.75,230749.8125,3.63091516494751,0.0233348198235035,0.293367564678192,2.2848334312439
Greece,GRC,1981,385875.56359092623,59384.24638894435,6.497944944246446,1476103.125,227164.609375,3.8253345489502,0.0233064852654934,0.273510962724686,2.30823421478272
Greece,GRC,1982,401005.0429376754,59195.35412125056,6.774265462054537,1521443.5,224591.65625,3.79407572746277,0.0233378224074841,0.279384166002274,2.33187484741211
Greece,GRC,1983,411227.6576049995,58153.94132788544,7.071363491709055,1571038.75,222169.140625,3.82036256790161,0.0233163964003325,0.262491494417191,2.35575723648071
Greece,GRC,1984,420234.9312865549,59340.09401172112,7.08180427222694,1604992.125,226636.046875,3.81927347183228,0.0232437774538994,0.257776498794556,2.37988448143005
Greece,GRC,1985,419204.31026341044,59205.87999194092,7.080450629573825,1644955.625,232323.578125,3.92399501800537,0.0232354663312435,0.282834053039551,2.40425872802734
Greece,GRC,1986,426749.02821068425,59172.15999971009,7.211990034042615,1684188.875,233526.234375,3.94655585289001,0.0230849646031857,0.293886959552765,2.42888259887695
Greece,GRC,1987,434879.5735816021,57762.9989923882,7.528687588380045,1718432.0,228251.203125,3.95151233673096,0.0227842684835196,0.238829255104065,2.45375871658325
Greece,GRC,1988,435181.9241047303,59052.45070801072,7.369413443254372,1754202.625,238038.296875,4.03096389770508,0.0225824899971485,0.265690445899963,2.47888946533203
Greece,GRC,1989,443711.3085525896,61118.40663709346,7.259863811359509,1793794.375,247083.75,4.04270601272583,0.0225918348878622,0.261347323656082,2.50427770614624
Greece,GRC,1990,450787.2997555364,60682.19168473544,7.428658841090139,1835501.0,247083.765625,4.07176733016968,0.0227186605334282,0.262869477272034,2.52992606163025
Greece,GRC,1991,473178.15995834576,64152.64490569157,7.3758168607693015,1878940.25,254743.34375,3.97089385986328,0.0228764712810516,0.276378720998764,2.5571129322052
Greece,GRC,1992,477279.0200021001,63842.75927759408,7.4758520058139695,1917754.5,256526.546875,4.01809930801392,0.023106774315238,0.257879316806793,2.57652497291565
Greece,GRC,1993,482036.95024250675,62354.41863463018,7.730598100305193,1951374.0,252422.125,4.04818344116211,0.023355521261692,0.244764655828476,2.59513330459595
Greece,GRC,1994,480271.4898524131,62425.82705585405,7.6934741997523135,1980843.25,257470.578125,4.12442398071289,0.0235571637749672,0.232406064867973,2.61387610435486
Greece,GRC,1995,483332.86419798306,63144.91640612683,7.654343242603235,2012148.875,262876.75,4.16307067871094,0.023806344717741,0.237912550568581,2.63275456428528
Greece,GRC,1996,494461.2551527762,64307.03797598848,7.689069046181266,2049221.0,266510.9375,4.1443510055542,0.0241727344691753,0.24579145014286,2.65176916122437
Greece,GRC,1997,504893.59317660594,66808.23962457765,7.557355140830023,2086684.0,276113.0,4.13291835784912,0.0246764831244946,0.228093564510345,2.67092108726501
Greece,GRC,1998,495948.1708305467,66280.71507570767,7.482541041750394,2137035.0,285602.84375,4.30898857116699,0.025441337376833,0.246793910861015,2.69021129608154
Greece,GRC,1999,506784.0501670025,67822.05875796477,7.472259902571708,2190839.75,293196.40625,4.3230242729187,0.0263874661177397,0.239307284355164,2.70964097976685
Greece,GRC,2000,517112.8539677825,70292.64365279357,7.356571429039309,2246170.0,305328.375,4.343674659729,0.0272224396467209,0.257308453321457,2.72921085357666
Greece,GRC,2001,528608.1514046063,73360.52389048501,7.205621271103923,2302393.25,319527.375,4.35557651519775,0.0280584078282118,0.237389042973518,2.74976444244385
Greece,GRC,2002,526601.8380949335,74905.27377565735,7.030237145546194,2351553.25,334491.3125,4.46552419662476,0.0289670806378126,0.220396399497986,2.77047252655029
Greece,GRC,2003,533692.6629422094,78345.42616924708,6.812046204066725,2410655.0,353881.1875,4.51693487167358,0.0298685897141695,0.269123494625092,2.79133677482605
Greece,GRC,2004,534194.7394427286,80471.50822589356,6.638309026633095,2475508.0,372912.4375,4.63409280776978,0.0305481366813183,0.279440850019455,2.81235814094543
Greece,GRC,2005,538682.8002553108,80618.49698430592,6.681876001237988,2521244.5,377325.84375,4.6803879737854,0.0308633055537939,0.259023129940033,2.83353781700134
Greece,GRC,2006,541976.1009745344,84155.79459836321,6.440151905892356,2586612.75,401638.46875,4.77255868911743,0.0313460379838944,0.312539905309677,2.85487699508667
Greece,GRC,2007,550686.1322282397,85939.31368466755,6.407848848419273,2663892.75,415723.40625,4.83740663528442,0.0324012339115143,0.332253187894821,2.87637662887573
Greece,GRC,2008,556140.2479976452,84907.96304111854,6.5499186186850595,2724519.5,415962.34375,4.89897918701172,0.0335064940154552,0.312660068273544,2.89803862571716
Greece,GRC,2009,567477.7724228055,81919.31640221222,6.927276707688455,2762789.75,398827.6875,4.86854267120361,0.0340133979916573,0.242550134658813,2.9198637008667
Greece,GRC,2010,584928.5299711201,79365.80602974235,7.370031997809207,2772012.75,376119.5,4.73906230926514,0.0339793004095554,0.218567848205566,2.94185280799866
Greece,GRC,2011,607708.2066941267,74718.84220243864,8.133265837385963,2756941.0,338970.96875,4.53661966323853,0.0334383770823479,0.166580066084862,2.96274542808533
Greece,GRC,2012,627029.2380869914,71336.87574397978,8.7896930100686,2731229.0,310730.875,4.35582399368286,0.0323753207921982,0.155058681964874,2.98378658294678
Greece,GRC,2013,624387.9018011169,70129.86898813526,8.90330911507552,2703674.0,303670.6875,4.33011913299561,0.0312309190630913,0.166741475462914,3.00497674942017
Greece,GRC,2014,597239.3402083868,68265.81082736423,8.748732827897276,2677781.25,306076.46875,4.48359823226929,0.0304587986320257,0.170917928218842,3.02631759643555
Greece,GRC,2015,609878.6760414216,70181.72091049676,8.689993179551754,2653729.75,305377.65625,4.35124206542969,0.0300752427428961,0.163817718625069,3.04781031608582
Greece,GRC,2016,585199.5344399014,67855.82828703467,8.624160211624982,2632788.75,305280.59375,4.49895906448364,0.0297336168587208,0.161117270588875,3.06945538520813
Greece,GRC,2017,584878.0434316377,69214.10846562903,8.450272009529412,2617706.25,309777.75,4.47564458847046,0.0295059643685818,0.158807039260864,3.09125423431397
Greece,GRC,2018,555675.0045437258,67554.18126201829,8.22561970499595,2600724.0,316173.625,4.68029689788818,0.0294492971152067,0.17774099111557,3.11320781707764
Greece,GRC,2019,540336.5369541248,67620.95424201313,7.990667138772967,2583970.0,323373.5,4.78214931488037,0.0294394958764315,0.163068011403084,3.13531756401062
Greece,GRC,2020,551129.296048664,63000.50640795518,8.74801374579224,2568725.75,293635.3125,4.66084051132202,0.0295184291899204,0.182838976383209,3.15758395195007
Greece,GRC,2021,527069.669502333,65515.25362761597,8.04499166710335,2566738.25,319047.96875,4.86982727050781,0.0298895165324211,0.227697640657425,3.18556451797485
Greece,GRC,2022,521545.55257698527,68326.59784301426,7.633126323299123,2575210.25,337372.9375,4.93765163421631,0.0307479929178953,0.24810779094696,3.21412491798401
Greece,GRC,2023,524628.2749191764,70020.46318243264,7.49249935054414,2586717.5,345240.9375,4.93057203292847,0.0316727794706821,0.237013339996338,3.24328017234802
Hong Kong,HKG,1960,83847.0847227937,14968.459513060072,5.601584094183948,88773.7734375,15847.9765625,1.058758020401,0.0239364318549633,0.190211996436119,1.78496623039246
Hong Kong,HKG,1961,86850.83474038717,15215.508689643739,5.708046737832774,95633.71875,16754.193359375,1.10112607479095,0.0239956565201283,0.187985330820084,1.7963240146637
Hong Kong,HKG,1962,92753.75942627926,16763.875042015243,5.532954593959381,105826.8125,19126.63671875,1.14094364643097,0.0240673571825027,0.216069847345352,1.80775392055511
Hong Kong,HKG,1963,102205.46825664927,18846.809354444656,5.4229586735086315,120490.0390625,22218.505859375,1.17890012264252,0.0241643562912941,0.256654739379883,1.81925666332245
Hong Kong,HKG,1964,112390.9565271939,19790.80537880017,5.678948096149065,136692.546875,24070.046875,1.21622371673584,0.0242389161139727,0.262669831514359,1.83083260059357
Hong Kong,HKG,1965,123380.88221539455,21986.544856223205,5.611653992122008,154698.734375,27567.404296875,1.25383067131042,0.0242766384035349,0.255661994218826,1.84248208999634
Hong Kong,HKG,1966,130777.993263247,21651.749173173466,6.040065964983606,168994.15625,27978.859375,1.29222166538239,0.0242724921554327,0.209132984280586,1.85761165618896
Hong Kong,HKG,1967,134592.71713324465,21326.27671759632,6.311121201113936,179174.703125,28390.3125,1.33123624324799,0.0242592319846153,0.167875126004219,1.8728654384613
Hong Kong,HKG,1968,136720.952853643,21468.27421076583,6.368511577194252,187354.90625,29418.947265625,1.37034523487091,0.0242779515683651,0.144005075097084,1.88824450969696
Hong Kong,HKG,1969,138992.4583889658,23220.113748307795,5.985864664383702,195801.09375,32710.578125,1.40871739387512,0.0243619494140148,0.136266246438026,1.90374982357025
Hong Kong,HKG,1970,142493.96847148024,24757.243988621707,5.75564745966755,206031.921875,35796.48046875,1.44589924812317,0.02447909116745,0.141513660550118,1.91938233375549
Hong Kong,HKG,1971,142866.95541320695,24965.162052521242,5.7226528356854285,219790.6875,38407.1328125,1.53842914104462,0.0245803575962782,0.163496598601341,1.93998897075653
Hong Kong,HKG,1972,145740.58153869738,26383.307301526922,5.523969374766852,234673.90625,42482.83984375,1.61021661758423,0.0246426425874233,0.163745746016502,1.96081686019897
Hong Kong,HKG,1973,152364.56967224187,28908.816147962934,5.270522628543482,251401.5,47699.5390625,1.64999973773956,0.0246992204338312,0.16606605052948,1.98186838626862
Hong Kong,HKG,1974,157561.16692394213,28829.804876229955,5.465217943734701,266984.5,48851.57421875,1.69448161125183,0.0247157737612724,0.175265267491341,2.00314593315125
Hong Kong,HKG,1975,157387.52516830122,27350.30885764697,5.754506319744784,282499.4375,49091.86328125,1.79492902755737,0.0246492438018322,0.179829597473145,2.02465176582336
Hong Kong,HKG,1976,162029.1326012531,30673.521221726332,5.282377964695049,301239.40625,57027.234375,1.85916817188263,0.0245890486985445,0.193085864186287,2.06836867332459
Hong Kong,HKG,1977,165336.9721438274,32180.52211163606,5.137796446256032,327349.84375,63714.0546875,1.97989499568939,0.0245587266981602,0.201783552765846,2.11302947998047
Hong Kong,HKG,1978,170238.58411261206,32912.31066275301,5.172489584733768,356784.875,68977.3984375,2.0957932472229,0.0245745815336704,0.201261460781097,2.15865445137024
Hong Kong,HKG,1979,189800.87970172396,37402.38374058405,5.074566397108468,390481.9375,76948.828125,2.05732417106628,0.0247255768626928,0.212992563843727,2.20526480674744
Hong Kong,HKG,1980,196464.23032810583,38622.45987348291,5.0867870915439175,430987.8125,84726.921875,2.19372153282166,0.0250077620148659,0.239088281989098,2.25288152694702
Hong Kong,HKG,1981,202149.25415870367,39444.605680063905,5.124889719987085,474427.9375,92573.296875,2.34691905975342,0.0253173112869263,0.248148247599602,2.2945544719696
Hong Kong,HKG,1982,219991.9752476214,40514.854420244905,5.4299090641109,517492.5625,95304.09375,2.35232472419739,0.0254059303551912,0.236246466636658,2.33699822425842
Hong Kong,HKG,1983,233576.36701820855,42573.56991978267,5.486417217497013,554130.625,101000.453125,2.37237453460693,0.0252867471426725,0.205066353082657,2.3802273273468
Hong Kong,HKG,1984,240077.1685997687,45123.13297281576,5.320489797204511,590968.25,111074.03125,2.46157622337341,0.0252136774361134,0.191878542304039,2.42425584793091
Hong Kong,HKG,1985,249388.4058882963,44580.06412081571,5.594168846694182,626071.625,111915.0390625,2.51042795181274,0.025160551071167,0.185408055782318,2.46909880638123
Hong Kong,HKG,1986,257425.90682155124,48172.34325135809,5.343852705655828,664179.6875,124288.546875,2.58008098602295,0.025056965649128,0.193813651800156,2.51492810249329
Hong Kong,HKG,1987,269985.19608925265,53607.18426023473,5.0363621931459095,709831.8125,140941.375,2.62915086746216,0.0250424146652222,0.204129084944725,2.56107640266418
Hong Kong,HKG,1988,284113.5393325222,57324.067186050685,4.956269735893038,757999.8125,152937.5625,2.66794681549072,0.0251656845211983,0.226366624236107,2.59298491477966
Hong Kong,HKG,1989,302000.3087724641,58668.47591732478,5.147573787293212,805182.6875,156419.84375,2.6661651134491,0.0252982620149851,0.207803577184677,2.6252908706665
Hong Kong,HKG,1990,322845.39738839417,61264.5006481214,5.269697687453424,855860.0,162411.59375,2.65099024772644,0.0253886487334967,0.216558307409287,2.65799951553345
Hong Kong,HKG,1991,339020.13779293234,63822.68418464439,5.311906606938038,911907.125,171672.28125,2.68983173370361,0.025508239865303,0.227118983864784,2.66496801376343
Hong Kong,HKG,1992,359409.47894309676,67365.11642167914,5.33524616350894,973020.4375,182375.921875,2.707275390625,0.0257232934236527,0.255188584327698,2.67195510864258
Hong Kong,HKG,1993,372118.33223945694,69771.8284690079,5.333360761854607,1032993.3125,193685.25,2.77598071098328,0.0259586405009031,0.248916745185852,2.67896032333374
Hong Kong,HKG,1994,386079.71349995025,71845.32602488564,5.373762426329874,1103642.0,205376.03125,2.85858583450317,0.0261958222836256,0.294002741575241,2.68598389625549
Hong Kong,HKG,1995,408849.72467452724,72944.0933624319,5.6049736973644455,1178451.5,210251.03125,2.88235855102539,0.0265933200716972,0.355982840061188,2.69302582740784
Hong Kong,HKG,1996,419217.93426035426,72899.14757409263,5.750656190242458,1260569.625,219204.484375,3.00695538520813,0.02707196213305,0.372889190912247,2.69495582580566
Hong Kong,HKG,1997,434069.7565041754,73859.39379052566,5.876974264576972,1353957.625,230383.453125,3.11921668052673,0.0274506974965334,0.390023440122604,2.69688725471497
Hong Kong,HKG,1998,458329.4675759131,69472.57881576574,6.597271547834097,1430491.75,216830.8125,3.12109923362732,0.0277356747537851,0.329174876213074,2.69882011413574
Hong Kong,HKG,1999,474912.33578542975,71203.68678646535,6.669771710131487,1482464.0,222266.078125,3.12155294418335,0.0278465487062931,0.273057878017426,2.70075416564941
Hong Kong,HKG,2000,478918.3008153406,74357.1377220551,6.440784509558772,1541274.5,239299.1875,3.21824097633362,0.0279552098363638,0.291888803243637,2.70268964767456
Hong Kong,HKG,2001,487183.8547107516,73282.02591770707,6.648067498268137,1599800.0,240641.359375,3.28377056121826,0.0281892344355583,0.267075657844543,2.77382469177246
Hong Kong,HKG,2002,507268.67105365667,75263.29836641719,6.739920812187021,1648773.875,244628.078125,3.25029706954956,0.0284104701131582,0.252259314060211,2.84683156013489
Hong Kong,HKG,2003,525929.4948504939,78141.65139372004,6.730463017739102,1696780.75,252104.609375,3.22625136375427,0.0286637675017118,0.252638936042786,2.92176032066345
Hong Kong,HKG,2004,531201.2639610714,83328.08678318404,6.374816517067448,1746940.375,274037.75,3.28866004943848,0.028942221775651,0.225494384765625,2.99866104125977
Hong Kong,HKG,2005,539028.9904908347,88180.92513767938,6.112761797965189,1798888.375,294284.0625,3.3372757434845,0.0292728953063488,0.227200567722321,3.07758593559265
Hong Kong,HKG,2006,547012.7491017575,92878.5883853947,5.889546327211151,1855088.75,314979.90625,3.39130806922913,0.0298024192452431,0.237968385219574,3.09046745300293
Hong Kong,HKG,2007,552019.0914374021,96985.56777067184,5.691765322678568,1908693.125,335342.90625,3.45765781402588,0.030411459505558,0.237043857574463,3.10340285301209
Hong Kong,HKG,2008,559091.6289728717,97760.13531551382,5.719014475260734,1958640.75,342478.71875,3.50325536727905,0.0309179406613112,0.264244884252548,3.1163923740387
Hong Kong,HKG,2009,573999.0319909441,95848.08784992878,5.988633105437279,2000543.125,334056.71875,3.48527264595032,0.0311170909553766,0.267571121454239,3.12943625450134
Hong Kong,HKG,2010,584450.8697187438,101658.42371830363,5.749163210893986,2050523.5,356664.6875,3.50846171379089,0.0311357825994492,0.272610485553741,3.1425347328186
Hong Kong,HKG,2011,581106.067474586,103058.27849353233,5.638616091487058,2107923.5,373837.03125,3.62743330001831,0.0317099466919899,0.274879723787308,3.18828988075256
Hong Kong,HKG,2012,581948.8496552013,102047.70763882858,5.702713594653773,2168133.75,380193.34375,3.72564315795898,0.0327865220606327,0.273387283086777,3.20649719238281
Hong Kong,HKG,2013,582051.8687861094,102873.85342421458,5.657918406010689,2217819.5,391985.0625,3.81034684181213,0.0337987840175629,0.24114528298378,3.22480845451355
Hong Kong,HKG,2014,588621.5326905458,104736.40666193145,5.620027948738975,2263822.25,402813.34375,3.84597253799438,0.03445965051651,0.279584854841232,3.24322390556335
Hong Kong,HKG,2015,592014.4238271018,105967.96222391471,5.586730285292744,2304144.25,412431.625,3.89204072952271,0.0346894003450871,0.253317177295685,3.27319478988647
Hong Kong,HKG,2016,599414.7936351962,107797.65127460755,5.560555230542322,2343239.0,421403.78125,3.90921115875244,0.0346318855881691,0.24798795580864,3.28936433792114
Hong Kong,HKG,2017,603067.241732107,110589.49512258057,5.453205488131128,2385236.0,437400.71875,3.95517420768738,0.0344963371753693,0.280989229679108,3.30561375617981
Hong Kong,HKG,2018,604736.1434956613,112018.18106681094,5.398553500301696,2428556.5,449853.1875,4.01589441299439,0.0345262736082077,0.251937985420227,3.31213593482971
Hong Kong,HKG,2019,612098.8052252857,110361.10473486544,5.546327274412564,2453306.25,442329.875,4.00802326202393,0.0344504788517952,0.201420664787292,3.31867098808289
Hong Kong,HKG,2020,645468.9199271828,108197.73835845572,5.965641516357436,2466079.5,413380.4375,3.82060146331787,0.0341700203716755,0.207865566015244,3.32740449905396
Hong Kong,HKG,2021,657870.1859763009,116383.20861517692,5.652621145302498,2487502.0,440061.6875,3.78114414215088,0.0339967384934425,0.192999064922333,3.33616089820862
Hong Kong,HKG,2022,670677.0429887627,113632.94393620973,5.902135593400287,2501630.5,423851.75,3.73000764846802,0.0338339097797871,0.1786128282547,3.34494066238403
Hong Kong,HKG,2023,667519.7883439007,115651.28292712773,5.771832109847906,2526558.0,437739.34375,3.78499341011047,0.0337068513035774,0.18058480322361,3.36037015914917
Hungary,HUN,1970,72567.03000032365,21025.960695631413,3.4513062708902043,379567.4375,109977.90625,5.23057699203491,0.0303932446986437,0.265611588954926,2.4364161491394
Hungary,HUN,1971,79244.01955249168,22272.39798524623,3.55794735730678,415555.9375,116796.5390625,5.2440037727356,0.0310676917433739,0.296692878007889,2.46097922325134
Hungary,HUN,1972,85411.26576751223,23569.58302984989,3.623791972023537,449064.40625,123921.1328125,5.25767183303833,0.0315458029508591,0.2477857619524,2.48578977584839
Hungary,HUN,1973,91570.27251105405,25129.414319391748,3.643947739776471,482719.90625,132471.6875,5.27157878875732,0.0317186713218689,0.235425874590874,2.51085042953491
Hungary,HUN,1974,98506.52658666589,26541.985844899405,3.7113472655097492,520655.6875,140287.515625,5.28549432754517,0.0319367125630379,0.278008729219437,2.53616380691528
Hungary,HUN,1975,106298.71429283572,28114.1442602571,3.78096922704855,563309.0,148985.34375,5.29930210113525,0.0323720015585423,0.291847199201584,2.56116032600403
Hungary,HUN,1976,113606.85283314453,29013.42783834766,3.91566461798726,603606.125,154151.640625,5.31311368942261,0.0327924005687237,0.281425923109055,2.57851576805115
Hungary,HUN,1977,121976.0002155493,30888.989355279005,3.948850472658902,649761.75,164544.53125,5.32696390151978,0.0331444628536701,0.284067749977112,2.59598922729492
Hungary,HUN,1978,130512.07594122773,32223.291968510912,4.050240306569735,697037.75,172097.875,5.34079122543335,0.0335028804838657,0.312933474779129,2.61358070373535
Hungary,HUN,1979,138661.64012996596,32623.319618663547,4.250384134747548,742640.0,174723.03125,5.3557710647583,0.0336282812058926,0.255537390708923,2.63129162788391
Hungary,HUN,1980,145732.2620252512,32585.82935759269,4.47225879771247,781889.6875,174831.046875,5.36524772644043,0.0334940887987614,0.241499230265617,2.64912247657776
Hungary,HUN,1981,153243.97543557393,33747.14932741134,4.540945783266515,816657.3125,179843.0,5.32913160324097,0.033291082829237,0.236094519495964,2.66417837142944
Hungary,HUN,1982,160425.4976282314,34940.41754444063,4.591401846420027,849191.25,184952.5,5.29336833953857,0.033043909817934,0.228100791573524,2.67931985855103
Hungary,HUN,1983,167086.305041188,35432.23743330797,4.715657749688678,878478.1875,186289.640625,5.25763130187988,0.0327398106455803,0.212078079581261,2.69454741477966
Hungary,HUN,1984,173008.96369677412,36576.65404466001,4.730038004174209,904578.75,191241.328125,5.22850799560547,0.0324294045567513,0.206200689077377,2.70986151695251
Hungary,HUN,1985,178177.39844357842,36617.38953635039,4.865923013618986,928210.625,190757.359375,5.20947456359863,0.0320946872234345,0.201025485992432,2.72526240348816
Hungary,HUN,1986,183612.7764925466,37207.42657420035,4.934842137667855,955806.75,193685.375,5.20555686950684,0.0317553244531155,0.208327725529671,2.74075102806091
Hungary,HUN,1987,191702.69214095894,39049.18859104331,4.909261858130637,989373.4375,201532.015625,5.16097831726074,0.0315264612436295,0.202314138412476,2.75632762908936
Hungary,HUN,1988,195738.3852335351,38831.735532546045,5.040680838729984,1015195.5625,201400.484375,5.18649196624756,0.0313488990068436,0.194105103611946,2.77199292182922
Hungary,HUN,1989,202544.41965803166,39325.182242836934,5.15050174230089,1044952.625,202883.65625,5.15912818908691,0.0312271378934383,0.189619347453117,2.7877471446991
Hungary,HUN,1990,210023.345190489,38484.14414315118,5.457399400887177,1068501.5,195789.5,5.08753681182861,0.0311702825129032,0.179139763116837,2.80359077453613
Hungary,HUN,1991,225338.16701665486,35844.8138374618,6.286492881186385,1084458.625,172506.140625,4.81258296966553,0.0311053805053234,0.157374143600464,2.81905484199524
Hungary,HUN,1992,249186.66167187423,37935.42384357053,6.568706407483768,1098420.625,167220.234375,4.40802335739136,0.0310636609792709,0.124369606375694,2.83460426330566
Hungary,HUN,1993,269801.832471838,40306.0443652605,6.693830583493782,1112895.25,166256.859375,4.12486171722412,0.0311005432158709,0.153610929846764,2.85023951530457
Hungary,HUN,1994,284559.53026004817,42954.873923934,6.624615655116488,1133847.375,171156.703125,3.98457002639771,0.0312868654727936,0.172592744231224,2.86596083641052
Hungary,HUN,1995,294337.373519863,44427.209686056616,6.625160022422929,1150830.875,173706.125,3.90990400314331,0.0315749906003475,0.169947817921639,2.88176894187927
Hungary,HUN,1996,299779.64729740046,44564.95991106001,6.726801682211363,1169669.625,173881.984375,3.90176463127136,0.031835712492466,0.17265622317791,2.89766430854797
Hungary,HUN,1997,302503.5023109135,45431.394060319166,6.658468413037914,1192265.25,179059.984375,3.94132709503174,0.0321137644350529,0.178269699215889,2.91364741325378
Hungary,HUN,1998,307119.1594475972,46768.092211629555,6.566852418479188,1221108.875,185950.40625,3.97601008415222,0.0325819179415703,0.19733914732933,2.92971849441528
Hungary,HUN,1999,309175.8663281457,47297.99458756767,6.536764804176558,1253025.5,191688.9375,4.05279207229614,0.0332801938056946,0.186129510402679,2.94587802886963
Hungary,HUN,2000,315536.49660156126,49073.34266458985,6.429896140522028,1286887.25,200141.21875,4.07841014862061,0.0340301655232906,0.196587815880775,2.96212720870972
Hungary,HUN,2001,322866.30959721294,50955.472892598715,6.336244004206058,1319655.875,208271.0,4.08731365203857,0.0346646346151829,0.204393342137337,2.99198865890503
Hungary,HUN,2002,332076.4041487258,53427.15441438064,6.215498612805457,1355739.125,218122.34375,4.08261203765869,0.0351837389171124,0.197466284036636,3.02215147018433
Hungary,HUN,2003,333906.86588298215,54468.61727882789,6.130261470998874,1389814.375,226713.71875,4.16228151321411,0.0356791988015175,0.204776808619499,3.05261826515198
Hungary,HUN,2004,346419.9123151415,57713.022135621555,6.0024566293041985,1428379.375,237965.796875,4.12326002120972,0.0361295491456986,0.249966636300087,3.08339214324951
Hungary,HUN,2005,358496.22042264283,60624.40642020409,5.913397616428753,1467699.375,248199.0,4.09404420852661,0.0365318842232227,0.243939787149429,3.11447620391846
Hungary,HUN,2006,364384.69537326955,62451.91137536224,5.834644406368355,1505122.375,257963.0,4.13058614730835,0.0369970947504044,0.248918995261192,3.14587378501892
Hungary,HUN,2007,375913.70944506663,63036.51665761975,5.963427698374047,1543456.5,258820.359375,4.10587978363037,0.037596520036459,0.246530592441559,3.17758798599243
Hungary,HUN,2008,392431.76786300575,64951.712347781766,6.041900262178508,1579301.75,261391.5625,4.02439832687378,0.0381856337189674,0.262123286724091,3.20962166786194
Hungary,HUN,2009,406089.66586934304,61716.263605821114,6.57994574109377,1604015.375,243773.34375,3.9499044418335,0.0384692810475826,0.220129624009132,3.24197840690613
Hungary,HUN,2010,413172.3579541698,62880.103793845825,6.570796373186133,1618891.25,246376.71875,3.91819834709168,0.0385010689496994,0.215822204947472,3.27466106414795
Hungary,HUN,2011,417046.5626620548,64172.22717958507,6.498863776302416,1631858.5,251099.046875,3.91289281845093,0.0385667346417904,0.220638632774353,3.29019379615784
Hungary,HUN,2012,414515.49528038484,62547.67572000553,6.6271926256055,1641791.5,247735.59375,3.96074819564819,0.0387293510138989,0.230033785104752,3.30580043792725
Hungary,HUN,2013,412098.69201413676,62791.86425891749,6.562931310892108,1658912.25,252770.015625,4.02552175521851,0.0390315242111683,0.246043786406517,3.32148098945618
Hungary,HUN,2014,400338.2089086864,62645.358461244716,6.390548617522142,1685353.625,263725.96875,4.20982456207275,0.0395504347980022,0.270036965608597,3.33723592758179
Hungary,HUN,2015,397045.13933089166,63307.76777904933,6.2716654410659425,1714534.375,273377.84375,4.31823539733887,0.0401993654668331,0.267693608999252,3.35306549072266
Hungary,HUN,2016,387487.720140288,62711.566410162945,6.178887601147407,1730363.875,280044.5625,4.4655966758728,0.0408010743558407,0.251005351543427,3.36897015571594
Hungary,HUN,2017,387382.20101257984,64117.64864534166,6.0417406002414955,1761735.875,291594.09375,4.54779767990112,0.0414431430399418,0.265986204147339,3.3849503993988
Hungary,HUN,2018,389540.174992802,66382.77075904286,5.868091532466468,1807027.625,307941.28125,4.63887357711792,0.0422162860631943,0.315429002046585,3.40100622177124
Hungary,HUN,2019,397436.961220772,69009.51155660173,5.759162067025985,1863526.625,323576.0,4.68886089324951,0.0430468358099461,0.328054815530777,3.41713857650757
Hungary,HUN,2020,409599.9697871289,66503.10727622121,6.159110251583464,1906472.125,309536.9375,4.65447330474854,0.0435984432697296,0.312109023332596,3.43334698677063
Hungary,HUN,2021,414197.0961690789,70256.91680865437,5.895463606767005,1954814.875,331579.5,4.71952819824219,0.0439166091382504,0.344504356384277,3.47287368774414
Hungary,HUN,2022,417549.8322046356,72081.75565658911,5.792725612760053,2002590.5,345707.8125,4.79605150222778,0.0442627668380737,0.345545142889023,3.51340484619141
Hungary,HUN,2023,423461.6725417551,71146.76594656172,5.951945487723458,2038164.125,342436.625,4.81310176849365,0.0441890396177769,0.281588822603226,3.55497288703918
Ireland,IRL,1950,51345.25042069292,21127.216895818547,2.4302893596389907,73230.7890625,30132.5390625,1.42624270915985,0.0275924783200026,0.15219634771347,2.15882658958435
Ireland,IRL,1951,56554.05759734822,22069.463695867034,2.562547888643943,79854.3125,31162.076171875,1.41199970245361,0.0297934580594301,0.189796403050423,2.168044090271
Ireland,IRL,1952,60376.22610169572,21935.467101916292,2.752447705862677,84295.296875,30625.576171875,1.39616703987122,0.0313597284257412,0.150909498333931,2.17730069160461
Ireland,IRL,1953,64685.07421838512,22986.76739061133,2.8140135200047727,89360.703125,31755.60546875,1.38147330284119,0.0323238782584667,0.15922749042511,2.18659710884094
Ireland,IRL,1954,68577.13809817578,23456.266647558314,2.9236169220183355,93551.3046875,31998.482421875,1.36417627334595,0.0330583602190018,0.147043660283089,2.1959331035614
Ireland,IRL,1955,73875.06405810501,24939.536554746304,2.9621666744262596,99163.5859375,33476.70703125,1.34231472015381,0.0337611027061939,0.171441555023193,2.20530891418457
Ireland,IRL,1956,77390.97571194246,24482.63533952253,3.1610557702915885,102196.4453125,32329.845703125,1.32052147388458,0.0342003554105759,0.139910295605659,2.21715545654297
Ireland,IRL,1957,81488.01647873495,24683.166598070915,3.3013599027080893,103685.0625,31406.7734375,1.27239644527435,0.0339927896857262,0.118008054792881,2.22906541824341
Ireland,IRL,1958,83730.67201669028,24975.34178121326,3.3525335809287484,104966.078125,31309.478515625,1.25361561775208,0.0335575267672539,0.11321660131216,2.24103951454163
Ireland,IRL,1959,87850.47832975231,26597.84958790305,3.3029165775005933,109306.140625,33093.82421875,1.24422931671143,0.0335430391132832,0.157578811049461,2.2530779838562
Ireland,IRL,1960,91124.97937714784,27761.383480001234,3.2824365342884483,112845.21875,34378.4921875,1.238356590271,0.0337927229702473,0.145593866705894,2.26518106460571
Ireland,IRL,1961,95391.09478000659,29283.088796348726,3.2575489369789707,117568.0078125,36090.94140625,1.23248410224915,0.0340058021247387,0.15898334980011,2.27823662757874
Ireland,IRL,1962,99167.21343705164,30121.676115266364,3.292220959337366,123386.71875,37478.26171875,1.24422895908356,0.0344358943402767,0.168866589665413,2.29136753082275
Ireland,IRL,1963,103999.49517671717,31444.374693060792,3.3074117768882836,130131.0078125,39345.26953125,1.25126576423645,0.0350100137293339,0.179018303751946,2.30457425117493
Ireland,IRL,1964,109672.57857465273,32666.29019917238,3.357362525893171,137873.59375,41066.04296875,1.2571382522583,0.0356519781053066,0.192824840545654,2.31785702705383
Ireland,IRL,1965,116823.85266031024,33510.33395665095,3.4862037725865056,146589.3125,42048.40625,1.2547892332077,0.0363577306270599,0.206865191459656,2.33121633529663
Ireland,IRL,1966,122780.77086072392,33693.22359684365,3.644079068534894,153574.6875,42143.62109375,1.25080406665802,0.0367982685565949,0.187319070100784,2.34465265274048
Ireland,IRL,1967,129273.29568303186,35613.77597165709,3.629867717085458,160845.578125,44311.69140625,1.24422895908356,0.0369097143411636,0.18376599252224,2.35816645622253
Ireland,IRL,1968,136624.33341505117,38743.776039261254,3.5263556468167176,170473.34375,48342.640625,1.24775242805481,0.0370557755231857,0.198302030563355,2.37175798416138
Ireland,IRL,1969,146653.2332797815,41378.45825574705,3.5441927868207332,183502.1875,51775.453125,1.25126588344574,0.0375819988548756,0.231077268719673,2.38542795181274
Ireland,IRL,1970,158023.24325164699,42638.57598147902,3.7061097753425853,195317.90625,52701.59765625,1.23600745201111,0.0382021777331829,0.225619181990623,2.39917683601379
Ireland,IRL,1971,166464.24407728607,43567.16176379549,3.820865012501655,208352.84375,54530.28125,1.25163722038269,0.0385488010942936,0.225375980138779,2.41865038871765
Ireland,IRL,1972,180064.6045240405,47007.90364647308,3.830517648228511,222435.0625,58069.19140625,1.23530697822571,0.0387481153011322,0.242106512188911,2.43828201293945
Ireland,IRL,1973,191497.1486878487,48562.43336152161,3.943318640197739,239796.703125,60810.88671875,1.25222074985504,0.0390706844627857,0.271571546792984,2.45807313919067
Ireland,IRL,1974,199034.86142138895,49984.27710929083,3.981949383527112,252461.859375,63401.57421875,1.268430352211,0.0389816351234913,0.28415322303772,2.47802495956421
Ireland,IRL,1975,209717.4135005527,53313.41057348337,3.9336709327851627,263508.65625,66987.9765625,1.25649392604828,0.0384062193334103,0.21564656496048,2.49813866615295
Ireland,IRL,1976,223053.50496784516,54583.19056282386,4.086487115682918,277563.71875,67922.328125,1.24438178539276,0.0381545349955559,0.248814240098,2.5184154510498
Ireland,IRL,1977,226985.96799332037,57154.68708302069,3.971432258278474,291898.84375,73499.640625,1.28597748279572,0.0382252335548401,0.274666994810104,2.53885698318481
Ireland,IRL,1978,238671.93745429232,60420.79382998006,3.950162226035935,311201.125,78781.859375,1.30388653278351,0.0385315902531147,0.288265079259872,2.55946445465088
Ireland,IRL,1979,244314.39579420842,59388.38963199312,4.113841060653947,334055.625,81202.8515625,1.36731863021851,0.0389494337141514,0.339478552341461,2.5736026763916
Ireland,IRL,1980,260298.33880833213,61664.94959825185,4.22117167863073,353326.25,83703.359375,1.35738956928253,0.0390903428196907,0.297627776861191,2.58764815330505
Ireland,IRL,1981,277865.0944450866,64069.70519132149,4.336918573533948,375085.6875,86486.6796875,1.34988415241241,0.0391023419797421,0.314994752407074,2.6014506816864
Ireland,IRL,1982,293805.2003779039,65983.69291964309,4.4526941033098675,393892.3125,88461.5703125,1.34065806865692,0.0389119163155556,0.317853927612305,2.61532664299011
Ireland,IRL,1983,307046.0583087984,66442.75257908249,4.621212192305571,407801.0,88245.4609375,1.32814276218414,0.0384212695062161,0.275638401508331,2.62927675247192
Ireland,IRL,1984,322885.80926168914,70766.06446473411,4.562721011885542,420171.78125,92087.984375,1.3013014793396,0.0378673449158669,0.261923968791962,2.64330124855042
Ireland,IRL,1985,330852.2329117795,73180.65250704672,4.5210342020375,429179.375,94929.46875,1.29719352722168,0.0372267961502075,0.231265440583229,2.65740036964417
Ireland,IRL,1986,337988.7378345034,73106.41193681555,4.623243418465408,437002.1875,94522.859375,1.29294896125793,0.0365715697407723,0.220651730895042,2.67157483100891
Ireland,IRL,1987,341868.33712308557,76080.12279903202,4.493530301286991,444547.375,98930.5390625,1.30034673213959,0.036026306450367,0.201869308948517,2.68582487106323
Ireland,IRL,1988,349338.9035700278,80134.38750723824,4.359413161278275,453780.75,104092.1640625,1.29896998405457,0.0356808565557003,0.201851487159729,2.70015096664429
Ireland,IRL,1989,359072.95925220416,84835.63017604136,4.23257254654791,466192.4375,110143.9921875,1.29832231998444,0.0356369316577911,0.227545842528343,2.71455335617065
Ireland,IRL,1990,355507.8182860421,87962.2713203789,4.041594344366126,482846.71875,119469.3671875,1.35818874835968,0.0358346402645111,0.270378947257996,2.72903275489807
Ireland,IRL,1991,366304.24780166754,89942.58834335474,4.072645167863143,495945.15625,121774.703125,1.35391592979431,0.0358564667403698,0.253799021244049,2.74150443077087
Ireland,IRL,1992,375101.7538226956,92748.03650416278,4.044309377976536,508960.0,125845.9609375,1.35685849189758,0.0355580635368824,0.221314385533333,2.75403332710266
Ireland,IRL,1993,377618.11941945134,93883.22931581033,4.022210592577677,519808.40625,129234.5078125,1.37654519081116,0.0352184511721134,0.206604167819023,2.76661968231201
Ireland,IRL,1994,376451.43754285946,96234.03926361265,3.9118324495519814,534641.9375,136673.015625,1.42021489143372,0.0349792242050171,0.222445517778397,2.77926325798035
Ireland,IRL,1995,374070.2541857325,100911.05488097579,3.706930371770932,555448.9375,149840.671875,1.48487865924835,0.0348181501030922,0.251551896333694,2.7919647693634
Ireland,IRL,1996,385456.1335046856,106421.58429564827,3.621973268447644,582769.5,160898.34375,1.51189577579498,0.0347012914717197,0.268629908561707,2.80472421646118
Ireland,IRL,1997,400527.70784369553,115993.46626137082,3.4530195600946776,616820.4375,178632.1875,1.54001939296722,0.034711416810751,0.268015503883362,2.81754207611084
Ireland,IRL,1998,413071.2945641428,122142.81416980401,3.3818714377244286,657068.1875,194291.296875,1.59068953990936,0.0349573642015457,0.262101918458939,2.83041858673096
Ireland,IRL,1999,415079.417584667,126638.87368148734,3.27766194943145,703877.75,214749.953125,1.69576644897461,0.0355595611035824,0.25496831536293,2.84335374832153
Ireland,IRL,2000,424493.767538966,132732.62135160956,3.1981118372888857,751377.1875,234944.0,1.77005469799042,0.0361253544688225,0.235707506537437,2.85634803771973
Ireland,IRL,2001,439885.6426065826,135916.61131061832,3.2364376831120794,800726.1875,247409.734375,1.82030534744263,0.0366037450730801,0.226100966334343,2.87343239784241
Ireland,IRL,2002,461272.07622961135,141901.06151415457,3.250659799916998,851690.1875,262005.328125,1.84639441967011,0.0372642166912556,0.217653229832649,2.89061880111694
Ireland,IRL,2003,481922.29381635366,143447.40589698683,3.3595748267656655,906755.125,269901.75,1.88153803348541,0.0378778837621212,0.223927035927773,2.90790796279907
Ireland,IRL,2004,497931.98778914555,148247.95559631518,3.3587781078413874,968077.3125,288223.0625,1.94419586658478,0.0384087599813938,0.243575558066368,2.92530059814453
Ireland,IRL,2005,512714.4039839182,149887.38514661236,3.420664143833095,1042503.625,304766.4375,2.03330278396606,0.0392077341675758,0.269413083791733,2.94279718399048
Ireland,IRL,2006,527137.1708485408,150482.64879589604,3.5029764233052028,1120839.375,319967.71875,2.12627649307251,0.0402425043284893,0.313895106315613,2.96039843559265
Ireland,IRL,2007,539869.4937139144,152213.38422758094,3.546793841116703,1195122.0,336958.40625,2.21372389793396,0.0410927906632423,0.321583926677704,2.97810506820679
Ireland,IRL,2008,571865.7229456682,146944.95219880383,3.891700357096876,1252539.625,321848.9375,2.19026875495911,0.0413274168968201,0.296606183052063,2.99591755867004
Ireland,IRL,2009,641338.7295352137,151990.43002284583,4.219599414507963,1288869.125,305448.21875,2.00965428352356,0.0415017381310463,0.246859073638916,3.01383638381958
Ireland,IRL,2010,681218.9600905392,161646.79814767546,4.214243448658964,1308897.0,310588.84375,1.92140424251556,0.0420419164001942,0.227846726775169,3.03186273574829
Ireland,IRL,2011,703878.4560473856,167480.05769979744,4.202759813404559,1326852.25,315709.75,1.88505876064301,0.0427587889134884,0.228931695222855,3.04856276512146
Ireland,IRL,2012,722012.7626522848,167459.99467896324,4.3115537178682715,1355768.875,314450.1875,1.87776303291321,0.0441149361431599,0.279715836048126,3.06535458564758
Ireland,IRL,2013,712219.3580028404,166167.61514606935,4.286150206685973,1377326.375,321343.46875,1.93385136127472,0.0453850999474525,0.261356592178345,3.08223915100098
Ireland,IRL,2014,711995.5549628879,176989.12486286505,4.022820924814207,1413394.875,351344.21875,1.98511755466461,0.046468798071146,0.3016497194767,3.09921646118164
Ireland,IRL,2015,730553.4967426142,213047.2042146536,3.4290686866115934,1501347.75,437829.59375,2.05508255958557,0.0495780259370804,0.347428619861603,3.11628746986389
Ireland,IRL,2016,769177.3906219295,208028.8134643055,3.6974560293490706,1638648.5,443182.6875,2.13039088249207,0.055468961596489,0.455762833356857,3.13345241546631
Ireland,IRL,2017,804595.3033179467,222547.357664484,3.615389154747762,1763300.875,487720.90625,2.19153761863709,0.0612598061561585,0.43397268652916,3.15071201324463
Ireland,IRL,2018,821629.9906287931,232670.57690296666,3.5313016435741558,1852224.875,524516.1875,2.25432968139648,0.0644662752747536,0.36507773399353,3.16806674003601
Ireland,IRL,2019,918626.2745019866,237710.59409866837,3.864473428225438,2129149.75,550954.6875,2.31775403022766,0.0701610371470451,0.636585533618927,3.18551683425903
Ireland,IRL,2020,1022762.0652663497,262146.19235342136,3.9014950249114357,2303409.5,590391.5,2.25214600563049,0.0755899772047997,0.506209313869476,3.20306324958801
Ireland,IRL,2021,973543.6587979487,286621.93773863243,3.3966125080269083,2331310.0,686363.25,2.39466404914856,0.0762167572975159,0.272585362195969,3.22471332550049
Ireland,IRL,2022,929104.666958357,292590.7407300668,3.17544111149954,2367368.75,745524.375,2.54801082611084,0.0753752067685127,0.264131426811218,3.24670171737671
Ireland,IRL,2023,915071.9886143426,267579.1670665211,3.4198177632672446,2408566.75,704296.8125,2.6321063041687,0.0747160911560059,0.312538504600525,3.26903486251831
Italy,ITA,1950,82844.21232969816,20177.17206763701,4.105838620595171,1627707.5,396437.28125,19.6478118896484,0.0282348673790693,0.208919271826744,1.79351770877838
Italy,ITA,1951,86210.1229780993,21911.427349040314,3.9344822956901155,1696151.875,431099.125,19.6746253967285,0.0289186630398035,0.227036640048027,1.80532491207123
Italy,ITA,1952,88797.46970333425,22665.767648502424,3.917690813759016,1761609.875,449655.15625,19.8385143280029,0.0294351819902658,0.221496194601059,1.81720972061157
Italy,ITA,1953,91939.36624989256,23809.626848225653,3.8614366716437676,1843348.625,477373.78125,20.0496120452881,0.0298530161380768,0.231869548559189,1.82917284965515
Italy,ITA,1954,95107.51860087982,24451.589911370524,3.8896251305381475,1932837.625,496921.3125,20.3226585388184,0.0302229337394238,0.238588377833366,1.84121477603912
Italy,ITA,1955,100772.52592790822,25770.055856916613,3.9104504269384868,2047128.375,523501.9375,20.3143501281738,0.0305278692394495,0.263424336910248,1.85333597660065
Italy,ITA,1956,106239.85071143095,26740.589964733528,3.972980807511875,2165501.0,545057.0,20.3831329345703,0.0307513140141964,0.271195948123932,1.86500906944275
Italy,ITA,1957,111980.67337359091,27635.359683028553,4.0520794611680255,2292545.25,565770.0625,20.4726867675781,0.0308124572038651,0.280262559652329,1.8767557144165
Italy,ITA,1958,117845.15399233658,28831.142433016572,4.087425750336684,2421028.0,592311.1875,20.5441455841064,0.0307877324521542,0.272009611129761,1.88857638835907
Italy,ITA,1959,124673.13581243604,30667.33392215816,4.065339886697995,2564967.0,630935.4375,20.5735340118408,0.0308244731277227,0.275847226381302,1.90047144889832
Italy,ITA,1960,132680.65250931797,33056.5915364311,4.01374268617782,2740727.75,682835.9375,20.6565742492676,0.0310224238783121,0.293045401573181,1.91244149208069
Italy,ITA,1961,141495.50490452818,35577.28667862875,3.9771303017754978,2941411.0,739581.25,20.7880172729492,0.031352873891592,0.301604986190796,1.92709136009216
Italy,ITA,1962,152157.7671376693,37871.59287460248,4.01772821231688,3153826.75,784977.625,20.7273464202881,0.0315827652812004,0.299281597137451,1.94185364246368
Italy,ITA,1963,165607.5318230807,40644.59446352184,4.0745278433448755,3375674.25,828482.3125,20.3835792541504,0.0315640643239021,0.301790475845337,1.95672881603241
Italy,ITA,1964,175279.06935858453,41903.653869253,4.1829065767268645,3560408.25,851180.4375,20.3127975463867,0.0312885195016861,0.269587844610214,1.97171819210053
Italy,ITA,1965,187586.00572454045,44382.96050560138,4.22653206517997,3717459.75,879553.1875,19.817361831665,0.0308791715651751,0.241355732083321,1.9868221282959
Italy,ITA,1966,199363.64975172616,47836.484953337786,4.1676065861903515,3886358.0,932515.5625,19.4938144683838,0.0304968226701021,0.237564697861671,2.00204181671143
Italy,ITA,1967,207274.95262022523,50602.65900550271,4.0961276876317,4090878.5,998718.5,19.7364826202393,0.030208894982934,0.248735457658768,2.01737833023071
Italy,ITA,1968,218356.60157295785,53984.66138015727,4.044789686375944,4307383.5,1064921.5,19.7263717651367,0.0299664456397295,0.24405862390995,2.03283214569092
Italy,ITA,1969,232856.73928042303,57658.59486046188,4.038543426941877,4560455.5,1129232.75,19.5848121643066,0.0297299362719059,0.25826421380043,2.04840421676636
Italy,ITA,1970,251836.90102415762,64601.984988061864,3.898284256601339,4955094.5,1271096.25,19.6758079528809,0.0297987032681704,0.311240404844284,2.06409573554993
Italy,ITA,1971,271450.2848144472,65786.45958811666,4.126233369510595,5340196.5,1294206.125,19.6728343963623,0.0302182137966156,0.281240373849869,2.08577346801758
Italy,ITA,1972,291835.0854959437,68388.7888327227,4.267294252129032,5726575.0,1341968.625,19.6226406097412,0.0307171363383532,0.273297011852264,2.10767889022827
Italy,ITA,1973,308536.77802035055,72300.05020754813,4.267449014691546,6134865.5,1437595.5,19.8837413787842,0.0311610102653503,0.288539052009583,2.1298143863678
Italy,ITA,1974,324345.0369687059,75186.79613363119,4.3138563371185565,6542676.0,1516665.25,20.1719627380371,0.0314852297306061,0.304056316614151,2.15218234062195
Italy,ITA,1975,341261.27381644276,73556.42383705283,4.639448956523877,6889417.0,1484964.5,20.1881008148193,0.0315989218652248,0.249943509697914,2.17478513717651
Italy,ITA,1976,354057.88032404985,77967.98027559686,4.541067744381037,7223812.5,1590774.0,20.4029140472412,0.031650185585022,0.264781594276428,2.19762563705444
Italy,ITA,1977,369179.026799066,79668.00708442516,4.63396839345865,7560345.5,1631505.625,20.4788055419922,0.0317669399082661,0.243035301566124,2.22070574760437
Italy,ITA,1978,383665.37111580913,81912.00025229526,4.683872569758891,7889368.0,1684368.625,20.5631484985352,0.0318282283842564,0.241872668266296,2.24402809143066
Italy,ITA,1979,395995.4806582116,85737.02705503037,4.618721855191476,8243231.5,1784743.0,20.816478729248,0.0319368578493595,0.250330626964569,2.26759552955627
Italy,ITA,1980,407061.8749001162,87109.50740041574,4.672990205638259,8626153.0,1845960.0,21.1912574768066,0.0321988128125668,0.268147617578506,2.29141068458557
Italy,ITA,1981,422383.27354809386,87631.34626885012,4.820002105778859,8972646.0,1861544.0,21.2429008483887,0.0324372686445713,0.248277366161346,2.31639218330383
Italy,ITA,1982,435512.3482386353,87753.4152606061,4.9629105254225205,9276887.0,1869243.25,21.3010883331299,0.0325232483446598,0.24560834467411,2.34164619445801
Italy,ITA,1983,447743.94228010403,88568.69985089092,5.055329287139808,9560125.0,1891098.375,21.3517684936523,0.0324465557932854,0.235189408063889,2.36717534065247
Italy,ITA,1984,462091.9471105166,91467.51336169956,5.0519788953179265,9861980.0,1952102.375,21.3420295715332,0.0323576368391514,0.244438201189041,2.39298295974731
Italy,ITA,1985,471523.4030586771,93127.46887752893,5.063204323514614,10160453.0,2006723.875,21.5481414794922,0.0323711857199669,0.248397544026375,2.4190719127655
Italy,ITA,1986,482246.1857444519,95106.4022228823,5.070596452742536,10466298.0,2064115.75,21.7032260894775,0.0324753411114216,0.242406204342842,2.44544529914856
Italy,ITA,1987,495749.14800918417,97884.11535368774,5.064653710337763,10787720.0,2130001.5,21.760440826416,0.0327269956469536,0.252684235572815,2.47210597991943
Italy,ITA,1988,506236.04215757246,100849.22433598677,5.0197316388969835,11140500.0,2219341.75,22.0065326690674,0.0331534221768379,0.261655211448669,2.49905776977539
Italy,ITA,1989,519117.77464312525,103478.53500544686,5.016671086576555,11510960.0,2294541.5,22.1740818023682,0.0336465537548065,0.268682479858398,2.52630305290222
Italy,ITA,1990,527537.274021789,103788.44998062795,5.082812915312383,11894321.0,2340106.0,22.5468826293945,0.0340859517455101,0.274712443351746,2.55384540557861
Italy,ITA,1991,534016.913489267,103441.22658716167,5.162515286294421,12266690.0,2376107.25,22.9706020355225,0.0344277657568455,0.279055297374725,2.5766487121582
Italy,ITA,1992,553054.9347286054,105046.57093441761,5.2648547192833846,12614226.0,2395930.5,22.8082695007324,0.0346804559230804,0.281764298677444,2.59761786460876
Italy,ITA,1993,579110.5815398878,107005.32089685669,5.411979298656535,12856146.0,2375498.0,22.1998119354248,0.0346886105835438,0.253217190504074,2.61875796318054
Italy,ITA,1994,597423.5431549259,110675.42091803957,5.397978505067955,13098709.0,2426595.25,21.9253311157227,0.0345620289444923,0.265350759029388,2.64006972312927
Italy,ITA,1995,611903.4796142745,114135.05455926008,5.361223000043058,13385084.0,2496647.5,21.8745021820068,0.0346358865499496,0.282397359609604,2.66155529022217
Italy,ITA,1996,624188.7426743599,115486.12600966258,5.404880778684487,13675655.0,2530241.75,21.9094867706299,0.0348295494914055,0.26926127076149,2.68321537971497
Italy,ITA,1997,635435.0743010661,117304.81438319337,5.4169564790863935,13970152.0,2578967.0,21.9851760864258,0.0350425206124783,0.259057611227036,2.70505213737488
Italy,ITA,1998,642796.7990643472,118168.51623951296,5.439662098840926,14281841.0,2625501.5,22.218282699585,0.0353519655764103,0.245339065790176,2.72706627845764
Italy,ITA,1999,650048.45342047,118751.35915621344,5.474029586182277,14613234.0,2669557.0,22.4802227020264,0.0357673056423664,0.247897982597351,2.74925971031189
Italy,ITA,2000,653555.9336571614,120938.69935104313,5.404026479234038,14986403.0,2773192.0,22.9305591583252,0.0362360924482346,0.250642508268356,2.77163362503052
Italy,ITA,2001,657361.7444587102,121065.63154189661,5.429796516868787,15359993.0,2828834.0,23.3661193847656,0.0366850085556507,0.243424654006958,2.79335689544678
Italy,ITA,2002,661994.2845176653,119225.46117398863,5.552457319092277,15749380.0,2836470.25,23.7908096313477,0.0370704680681229,0.25410184264183,2.81525039672852
Italy,ITA,2003,666298.3294794325,117377.34630566527,5.676549610725638,16112080.0,2838358.0,24.1814804077148,0.0373185016214848,0.255685716867447,2.83731555938721
Italy,ITA,2004,677593.9966018862,118435.35424212592,5.721213914019559,16478216.0,2880195.75,24.3187160491943,0.0374326780438423,0.267376571893692,2.85955357551575
Italy,ITA,2005,689163.0394265625,118727.56861134643,5.804574687135481,16845774.0,2902154.75,24.4438152313232,0.0375255383551121,0.275396704673767,2.88196587562561
Italy,ITA,2006,690911.5909516144,118512.69756670062,5.8298528776864575,17223592.0,2954378.5,24.9287929534912,0.0376374050974846,0.28605979681015,2.90455389022827
Italy,ITA,2007,697269.211041916,118752.35170872115,5.871624443717932,17600664.0,2997580.0,25.2422790527344,0.0377790816128254,0.289615303277969,2.92731904983521
Italy,ITA,2008,708598.0904065148,117284.65012362842,6.041695052673896,17925170.0,2966910.75,25.296667098999,0.0378613397479057,0.284476429224014,2.95026254653931
Italy,ITA,2009,729155.1857403184,112963.87802666753,6.454764111127504,18134734.0,2809511.5,24.8708839416504,0.0377271436154842,0.265015125274658,2.97338581085205
Italy,ITA,2010,741972.3309441986,115364.39231813687,6.431554104650282,18345828.0,2852472.0,24.725757598877,0.0375201217830181,0.258991092443466,2.99669027328491
Italy,ITA,2011,747972.0689654653,115893.46008082836,6.453962703709097,18537780.0,2872309.75,24.7840538024902,0.0373934023082256,0.25950762629509,3.01423954963684
Italy,ITA,2012,754043.4596643802,112556.34440410147,6.699253282046919,18640962.0,2782543.25,24.7213363647461,0.0371873863041401,0.24235038459301,3.03189158439636
Italy,ITA,2013,770055.1021273183,112560.98239583052,6.841225846975574,18689928.0,2731956.0,24.2708969116211,0.0368709079921246,0.233015522360802,3.04964733123779
Italy,ITA,2014,771577.4701680882,112550.75758253696,6.855373404326191,18728318.0,2731918.0,24.2727642059326,0.0366138108074665,0.234981551766396,3.06750679016113
Italy,ITA,2015,768825.9117913549,112805.16317277096,6.815520585824878,18784350.0,2756113.75,24.4325141906738,0.0365262366831303,0.239126950502396,3.08547067642212
Italy,ITA,2016,761118.8609751941,112555.68308135563,6.762153985819222,18867664.0,2790185.5,24.789379119873,0.0366134569048882,0.246409982442856,3.10353994369507
Italy,ITA,2017,756008.3781916184,112983.19287255652,6.691334869995977,18969476.0,2834931.5,25.0916213989258,0.0368385687470436,0.252600610256195,3.12171483039856
Italy,ITA,2018,753012.8569979529,112747.79364199092,6.678736963926775,19090278.0,2858366.5,25.3518619537354,0.0371374934911728,0.2595394551754,3.13999652862549
Italy,ITA,2019,753302.1681143804,112536.05988469259,6.693873669348595,19215658.0,2870633.5,25.50856590271,0.0374372489750385,0.245062008500099,3.15838503837585
Italy,ITA,2020,770481.8841307545,104568.66368740292,7.3681909757786475,19275626.0,2616059.5,25.0176239013672,0.0375164113938808,0.239878475666046,3.17688131332397
Italy,ITA,2021,770681.5253353639,112584.85371944706,6.845339314077221,19507172.0,2849701.25,25.3115863800049,0.0377326086163521,0.292022079229355,3.20566248893738
Italy,ITA,2022,767327.0074540448,115594.72460115667,6.6380798094515,19798390.0,2982547.75,25.8017635345459,0.0383988618850708,0.315136313438416,3.23505067825317
Italy,ITA,2023,767384.7749299326,114388.1557577067,6.708603437539305,20148316.0,3003354.75,26.2558193206787,0.0391637906432152,0.298991441726685,3.26506185531616
Japan,JPN,1950,24499.803812827548,7987.691347202543,3.067194605786551,914236.875,298069.40625,37.316089630127,0.027380870655179,0.144120067358017,2.29000067710876
Japan,JPN,1951,25168.26849316541,8491.783364657565,2.9638377961824434,962466.3125,324736.5,38.2412605285645,0.0273974258452654,0.205910265445709,2.32251930236816
Japan,JPN,1952,25497.15744670236,9320.684130602216,2.7355457055977896,998158.3125,364884.53125,39.1478271484375,0.0275698937475681,0.163104966282845,2.35549974441528
Japan,JPN,1953,25754.87317253911,9729.052285749392,2.6472129469654004,1030681.9375,389346.0625,40.0189094543457,0.0276232827454805,0.148902282118797,2.38894844055176
Japan,JPN,1954,26450.634097008144,10092.854514940536,2.620728759921492,1071135.25,408716.5625,40.4956359863281,0.0276936553418636,0.15763595700264,2.4228720664978
Japan,JPN,1955,26819.00255170921,10449.89135702249,2.5664384093033106,1122651.75,437435.6875,41.8603096008301,0.0278505738824606,0.168453320860863,2.45727729797363
Japan,JPN,1956,27684.85463050467,10971.790982923301,2.523275796412262,1186485.125,470216.1875,42.8568305969238,0.0281527154147625,0.185420826077461,2.48412108421326
Japan,JPN,1957,28655.609658263613,11441.490333609274,2.5045347085674687,1269719.5,506968.21875,44.3096313476563,0.0286953244358301,0.211595118045807,2.5112578868866
Japan,JPN,1958,29932.22065552903,11938.892922324194,2.507118612275986,1349985.125,538460.8125,45.1014022827148,0.0292270835489035,0.197283625602722,2.53869128227234
Japan,JPN,1959,31788.457976868012,12913.872856149499,2.4615743341263085,1450255.75,589157.8125,45.6220855712891,0.02972611784935,0.212767630815506,2.56431722640991
Japan,JPN,1960,33917.42264037301,14166.347528998827,2.3942249454874163,1594797.875,666101.9375,47.02001953125,0.0305130165070295,0.24949736893177,2.58314394950867
Japan,JPN,1961,36964.873734257315,15470.980866743368,2.389303823244815,1780165.0,745055.9375,48.1582870483398,0.0316273905336857,0.283202201128006,2.60400795936584
Japan,JPN,1962,40029.67698880621,16397.123326454228,2.441262177020069,1975239.875,809106.0,49.3443870544434,0.0326567478477955,0.275360882282257,2.62504005432129
Japan,JPN,1963,43715.79826337018,17557.480088808374,2.489867454910904,2191594.25,880205.1875,50.1327743530273,0.0333456434309483,0.285710990428925,2.64624238014221
Japan,JPN,1964,47815.489660003914,19132.354690619715,2.499195234105035,2445867.25,978661.9375,51.1521949768066,0.033788688480854,0.298641055822372,2.66761589050293
Japan,JPN,1965,51874.649405512995,19859.90668738822,2.612028859050749,2701312.25,1034181.625,52.0738410949707,0.0338320657610893,0.288959562778473,2.68916201591492
Japan,JPN,1966,56223.21327513245,21412.20035230843,2.6257559872435565,2993805.25,1140168.875,53.2485618591309,0.0337140150368214,0.29359158873558,2.71088218688965
Japan,JPN,1967,61455.348381694595,23194.787576669885,2.649532709819188,3355750.75,1266544.375,54.6046981811523,0.0337720923125744,0.318773359060288,2.73277759552002
Japan,JPN,1968,68888.4274463909,25692.169003098836,2.6813005720958003,3800411.75,1417376.25,55.1676368713379,0.0339403972029686,0.339979469776154,2.75485014915466
Japan,JPN,1969,77207.37810474596,28332.01428855742,2.7250931514575742,4324171.0,1586797.5,56.0072250366211,0.0341659151017666,0.356759279966354,2.77710056304932
Japan,JPN,1970,87790.28427601793,31059.482730074466,2.826521131693279,4946291.5,1749957.375,56.3421287536621,0.0345389321446419,0.385857194662094,2.79953122138977
Japan,JPN,1971,98007.20663288346,32263.02403714292,3.0377563653069943,5565740.0,1832187.75,56.7890892028809,0.0348327867686749,0.371529757976532,2.81945013999939
Japan,JPN,1972,109233.8720623781,34837.39695602746,3.1355348449327463,6228237.5,1986339.75,57.0174560546875,0.0348666347563267,0.378956228494644,2.83951044082642
Japan,JPN,1973,118937.80213481504,36720.42225053788,3.2390096530840635,6950573.0,2145894.5,58.438720703125,0.0348135083913803,0.401628345251083,2.85971403121948
Japan,JPN,1974,129022.88325360403,36246.374715101134,3.559607940593571,7544953.0,2119602.25,58.4776344299316,0.0346004143357277,0.394148349761963,2.88006114959717
Japan,JPN,1975,138990.04355844436,37449.16672817551,3.711432208019541,8109966.5,2185131.25,58.3492622375488,0.0342180728912354,0.364009618759155,2.90055274963379
Japan,JPN,1976,147553.57946920235,38600.91911784432,3.822540572641228,8684773.0,2271989.75,58.8584365844727,0.0338325165212154,0.361099302768707,2.9211905002594
Japan,JPN,1977,155535.3941183573,39875.012721857725,3.900572902716584,9251136.0,2371737.75,59.4792976379395,0.0335206910967827,0.356591939926147,2.94197511672974
Japan,JPN,1978,164853.84848645495,41704.71436552633,3.952882809400689,9869457.0,2496774.5,59.867919921875,0.0333366692066193,0.366458714008331,2.96290755271912
Japan,JPN,1979,174247.9112878652,43653.74155412398,3.991591673117512,10512650.0,2633698.75,60.3315696716309,0.0333276242017746,0.379215031862259,2.98398876190186
Japan,JPN,1980,182392.38706655547,44545.925844523634,4.094479654618703,11087465.0,2707905.75,60.7890777587891,0.0334431938827038,0.368934899568558,3.00522017478943
Japan,JPN,1981,190438.08008689524,46105.499339508475,4.130485144181185,11661513.0,2823279.25,61.2351951599121,0.033580157905817,0.355161249637604,3.02206301689148
Japan,JPN,1982,198308.6965439728,47370.416154072285,4.186340603362524,12206848.0,2915875.5,61.5547790527344,0.0336797498166561,0.335875540971756,3.03900027275085
Japan,JPN,1983,204691.37414428638,48639.97667229744,4.208295072247988,12716322.0,3021727.75,62.1243667602539,0.0337516814470291,0.307369768619537,3.05603265762329
Japan,JPN,1984,213045.1594648149,50749.86129607251,4.197945649977615,13244571.0,3155012.5,62.1679039001465,0.0338934026658535,0.301258355379105,3.07316040992737
Japan,JPN,1985,222020.02143241334,53276.76033037194,4.167295835100629,13826276.0,3317805.25,62.2749061584473,0.0341413021087647,0.304397076368332,3.09038424491882
Japan,JPN,1986,231469.00998290372,54941.98147796045,4.212971643109663,14438253.0,3427094.75,62.3766136169434,0.0344143733382225,0.304081410169601,3.10770440101624
Japan,JPN,1987,242270.4663876831,57488.267533477134,4.214259305111287,15114087.0,3586416.0,62.385181427002,0.0346762910485268,0.314893811941147,3.12512159347534
Japan,JPN,1988,252524.18834490544,60682.481899741826,4.161401782513114,15918733.0,3825329.5,63.0384483337402,0.035078264772892,0.340830713510513,3.14263677597046
Japan,JPN,1989,264017.9121485162,63072.25439557435,4.185959653394628,16801428.0,4013757.75,63.6374549865723,0.0356890074908733,0.355087995529175,3.16024994850159
Japan,JPN,1990,276173.8178218044,65459.660022618285,4.218992547874187,17753778.0,4208061.0,64.284797668457,0.0363697223365307,0.36042308807373,3.17796182632446
Japan,JPN,1991,284947.9105744712,66414.79447728524,4.290428251975203,18690502.0,4356325.5,65.5926971435547,0.0370124839246273,0.361595302820206,3.19438242912293
Japan,JPN,1992,294587.28747037565,66266.2762366097,4.445508397341134,19540490.0,4395558.0,66.3317489624023,0.0375156663358212,0.349259912967682,3.21088767051697
Japan,JPN,1993,304880.1037429967,65712.37198941849,4.639614953970781,20300046.0,4375373.0,66.5837020874023,0.0377857238054276,0.337995707988739,3.22747826576233
Japan,JPN,1994,315222.33240940893,66352.90385969533,4.750693851710747,21011250.0,4422775.0,66.6553344726563,0.0378711372613907,0.335117191076279,3.24415493011475
Japan,JPN,1995,325135.68817459384,67882.68186991465,4.7896706379052585,21740976.0,4539138.0,66.8673934936523,0.0379368178546429,0.340964823961258,3.26091766357422
Japan,JPN,1996,336921.99257638125,69962.60130489121,4.815744216086294,22544372.0,4681389.0,66.9127349853516,0.0380612425506115,0.358018636703491,3.27776670455933
Japan,JPN,1997,345313.24527153355,70159.27904111773,4.921847116888963,23267166.0,4727324.0,67.3798828125,0.0382396131753922,0.347114831209183,3.29470300674438
Japan,JPN,1998,358716.4648043665,70093.88764419832,5.117656857973658,23885494.0,4667271.5,66.5859985351563,0.0384013913571835,0.331146776676178,3.31172680854797
Japan,JPN,1999,372430.28355624794,70833.79512439943,5.257805019513355,24457658.0,4651686.0,65.6704330444336,0.0384957976639271,0.315890997648239,3.32883858680725
Japan,JPN,2000,383162.0440846864,73248.69057061688,5.230974657701099,25005568.0,4780288.5,65.2610778808594,0.0385910198092461,0.316091150045395,3.34603881835938
Japan,JPN,2001,393605.8163163041,74090.1969934735,5.31252219981243,25493442.0,4798745.5,64.7689666748047,0.0387177057564259,0.313683480024338,3.36086773872376
Japan,JPN,2002,405855.32065264357,75299.73341209005,5.389863977758517,25875438.0,4800759.0,63.7553253173828,0.0388035699725151,0.294022709131241,3.37576270103455
Japan,JPN,2003,412735.39690102625,76710.107132077,5.3804565308505135,26226804.0,4874457.0,63.5438690185547,0.038854394108057,0.290537387132645,3.39072346687317
Japan,JPN,2004,417105.35927445296,78215.59105184354,5.332764908699386,26562598.0,4981018.0,63.6831855773926,0.0389457792043686,0.288972973823547,3.40575051307678
Japan,JPN,2005,421158.48125172674,79327.89963269101,5.309083981824819,26921680.0,5070871.0,63.9229202270508,0.0391341112554073,0.286504626274109,3.42084431648254
Japan,JPN,2006,424666.1035020648,80064.4677548132,5.304052039695665,27265270.0,5140460.5,64.2040176391602,0.0393952950835228,0.281627923250198,3.43600463867188
Japan,JPN,2007,427564.3911365813,80947.82192566055,5.281975239917393,27554710.0,5216743.5,64.4457550048828,0.0396806225180626,0.275108575820923,3.45123267173767
Japan,JPN,2008,432365.7983728763,80241.50981328162,5.38830587035279,27765272.0,5152876.0,64.2170867919922,0.0399439260363579,0.278022885322571,3.46652793884277
Japan,JPN,2009,439576.85763392574,76791.82029424985,5.724266672538314,27817134.0,4859510.5,63.2816162109375,0.0399823859333992,0.245487317442894,3.48189091682434
Japan,JPN,2010,442202.22749714414,80300.6690613454,5.506831171721936,27857126.0,5058649.0,62.9963493347168,0.0398728065192699,0.241657540202141,3.49732208251953
Japan,JPN,2011,444189.05377342243,80487.42062465742,5.518738833051194,27924010.0,5059853.5,62.8651466369629,0.0397943407297134,0.25581619143486,3.50793290138245
Japan,JPN,2012,446720.3201124689,81764.10840319065,5.46352585305066,28024686.0,5129414.0,62.7342987060547,0.0397838242352009,0.263597518205643,3.51857590675354
Japan,JPN,2013,445421.93918130844,82714.41938074837,5.385057919961409,28176042.0,5232263.5,63.2569694519043,0.0398454330861568,0.246362388134003,3.52925133705139
Japan,JPN,2014,444512.2894660321,82274.6983439792,5.4027823670357,28352516.0,5247762.0,63.7834243774414,0.0399711355566978,0.254693686962128,3.53995895385742
Japan,JPN,2015,444960.90743592655,83063.24446545617,5.356892935008988,28550418.0,5329660.0,64.1638793945313,0.040183711796999,0.24934384226799,3.55069923400879
Japan,JPN,2016,443531.81817544164,82833.98204482604,5.354466937680505,28752612.0,5369836.5,64.8264923095703,0.0403667017817497,0.253857046365738,3.56147217750549
Japan,JPN,2017,442400.05731785746,83375.73513512626,5.306100828986562,28970244.0,5459799.0,65.4842681884766,0.0405171029269695,0.258177071809769,3.57227778434753
Japan,JPN,2018,438367.67970043217,82526.88851789176,5.3118163979415565,29188046.0,5494927.5,66.5834808349609,0.0407153479754925,0.264163315296173,3.58311605453491
Japan,JPN,2019,437340.62720921374,81407.80860178001,5.372219627585592,29401234.0,5472828.0,67.2273101806641,0.040942057967186,0.272654384374619,3.59398722648621
Japan,JPN,2020,442512.72613316635,78548.8116987593,5.633601789295509,29553106.0,5245863.5,66.7847595214844,0.0410886630415916,0.265595763921738,3.60489130020142
Japan,JPN,2021,442601.22650576645,80160.15191777362,5.521461922374802,29706136.0,5380121.5,67.1171569824219,0.0411919094622135,0.268590658903122,3.62192320823669
Japan,JPN,2022,440912.98534016276,80239.357352979,5.494971543709569,29845872.0,5431488.0,67.6910705566406,0.0413820780813694,0.27102118730545,3.63912701606751
Japan,JPN,2023,441597.828015189,81296.37375238331,5.431949884508138,29998940.0,5522683.5,67.9327163696289,0.0416398905217648,0.264324337244034,3.6565043926239
Malaysia,MYS,1955,21948.367776438332,8598.734732389776,2.552511323993176,50984.10546875,19974.095703125,2.32291102409363,0.0347308591008186,0.0980457589030266,1.31336379051209
Malaysia,MYS,1956,21801.947453094763,8858.77234483569,2.461057424712401,51556.60546875,20948.96484375,2.36477065086365,0.0335587412118912,0.112875416874886,1.32131266593933
Malaysia,MYS,1957,21756.43397097014,8829.717130284054,2.4640012414837384,52409.08984375,21269.912109375,2.40890073776245,0.0325432829558849,0.122741550207138,1.32930958271027
Malaysia,MYS,1958,21681.938913474733,8550.970305741603,2.5356115315844634,53203.5234375,20982.521484375,2.45381760597229,0.0316055454313755,0.117244951426983,1.33735489845276
Malaysia,MYS,1959,21580.506995659478,9257.196270037744,2.331214156656472,53912.796875,23126.48828125,2.49821734428406,0.03083754517138,0.103722378611565,1.34544897079468
Malaysia,MYS,1960,22068.944706077888,9798.779965927839,2.2522135187049477,56100.07421875,24908.861328125,2.54203701019287,0.0303682684898376,0.153322771191597,1.3535920381546
Malaysia,MYS,1961,22445.979283365497,10231.884264358654,2.193728809223629,58623.33203125,26723.14453125,2.61175203323364,0.0300759691745043,0.153896003961563,1.36699223518372
Malaysia,MYS,1962,23082.63917574859,10567.865914260072,2.184228997890797,61950.19921875,28362.501953125,2.68384385108948,0.0300447233021259,0.170006722211838,1.3805251121521
Malaysia,MYS,1963,23752.475838983748,10975.093905825597,2.1642161828224444,65452.140625,30242.884765625,2.75559234619141,0.0302701145410538,0.16611211001873,1.39419198036194
Malaysia,MYS,1964,24362.78917769448,11222.89195044743,2.170812058537478,68931.3046875,31753.6953125,2.82936835289001,0.0304586756974459,0.155136033892632,1.40799415111542
Malaysia,MYS,1965,25104.851413749697,11743.434743517813,2.1377775720691234,72890.1484375,34096.2265625,2.90342879295349,0.0306343827396631,0.159755319356918,1.42193293571472
Malaysia,MYS,1966,25882.918572585444,12269.052217190481,2.109610270980853,77079.6875,36537.40625,2.97801375389099,0.0308343097567558,0.156514123082161,1.43693518638611
Malaysia,MYS,1967,26712.58785111873,12380.920056497416,2.157560805596201,81564.65625,37804.10546875,3.05341649055481,0.0310731045901775,0.162816971540451,1.45209574699402
Malaysia,MYS,1968,27544.546248456634,12964.084692854361,2.1246811403229136,86174.859375,40558.9609375,3.12856340408325,0.0313021056354046,0.160963490605354,1.46741616725922
Malaysia,MYS,1969,28149.230147397688,13300.311267939414,2.116433937546394,90167.7578125,42603.625,3.20320510864258,0.0312905684113503,0.147937372326851,1.48289835453033
Malaysia,MYS,1970,29469.20530101566,13759.98927402375,2.141659031424387,96548.515625,45081.1796875,3.27625107765198,0.031553078442812,0.185963213443756,1.49854385852814
Malaysia,MYS,1971,31665.594818955833,16299.396854436158,1.9427464158182945,107665.1015625,55419.01953125,3.40006566047668,0.0326345451176167,0.195850595831871,1.52688634395599
Malaysia,MYS,1972,34106.08091395811,17178.8117431528,1.985357393974135,120356.3359375,60622.0,3.52888202667236,0.0338979437947273,0.197950527071953,1.55576491355896
Malaysia,MYS,1973,36892.54746524656,18492.898690015965,1.9949575284898025,135089.40625,67715.4296875,3.66169905662537,0.0352360680699348,0.224906295537949,1.58518970012665
Malaysia,MYS,1974,40337.6927511856,19307.51851065506,2.089222016227762,153241.203125,73348.453125,3.79895806312561,0.0367611907422543,0.274296849966049,1.61517095565796
Malaysia,MYS,1975,42811.81782788591,18763.22021554669,2.2816881823096233,168698.96875,73936.03125,3.94047665596008,0.0375657975673676,0.225740000605583,1.64571940898895
Malaysia,MYS,1976,43080.07965892778,19256.487657904516,2.2371722415974453,184534.515625,82485.609375,4.28352308273315,0.0376406461000443,0.22447644174099,1.6763950586319
Malaysia,MYS,1977,46480.92238838522,20347.74066401478,2.2843284252480807,203032.859375,88880.765625,4.36809015274048,0.0377333499491215,0.255605489015579,1.70764267444611
Malaysia,MYS,1978,50161.74242195333,21331.40243651197,2.3515445161774178,222914.203125,94794.8046875,4.44390869140625,0.0380524359643459,0.25719478726387,1.73195719718933
Malaysia,MYS,1979,53685.68307782651,22520.929179334285,2.383812970163314,247099.515625,103657.2578125,4.602707862854,0.0385909005999565,0.267884731292725,1.75623464584351
Malaysia,MYS,1980,58385.48530363084,23353.06445997665,2.5001209328948697,278447.84375,111373.75,4.76912784576416,0.039435837417841,0.293589234352112,1.78085243701935
Malaysia,MYS,1981,62895.27759579191,23734.46383024577,2.6499556950446865,315623.65625,119105.2578125,5.0182409286499,0.0406029708683491,0.326740831136704,1.81984746456146
Malaysia,MYS,1982,67877.26782631516,24188.752592358655,2.806149989220937,354195.78125,126221.2578125,5.21817970275879,0.0417571738362312,0.353612154722214,1.85969662666321
Malaysia,MYS,1983,72963.84167965641,24773.24617712228,2.945267695560924,394865.78125,134067.875,5.41180086135864,0.0421831607818604,0.352884113788605,1.90041816234589
Malaysia,MYS,1984,78342.72075800064,26034.548656688854,3.0091829818556373,434749.03125,144474.109375,5.54932260513306,0.0424398481845856,0.344914555549622,1.94203150272369
Malaysia,MYS,1985,83257.42973232672,25499.979533015034,3.2649998649815637,466634.75,142920.296875,5.60472202301025,0.0426718555390835,0.29452195763588,1.98455595970154
Malaysia,MYS,1986,85646.86489378971,25400.173584409713,3.37190077103877,487228.28125,144496.625,5.68880462646484,0.0422845371067524,0.277892887592316,2.02695083618164
Malaysia,MYS,1987,86201.0468801465,26018.194466728262,3.3131064106073658,504538.6875,152285.6875,5.85304594039917,0.0417506620287895,0.25253364443779,2.07025170326233
Malaysia,MYS,1988,87294.89646909905,27387.24321481692,3.187429117431986,528107.5,165684.46875,6.04969501495361,0.0417576469480991,0.282757550477982,2.11447715759277
Malaysia,MYS,1989,89822.06727148627,28721.043211345866,3.127395708105869,565729.5625,180894.78125,6.29833602905273,0.0427873395383358,0.299065828323364,2.1596474647522
Malaysia,MYS,1990,94047.60704297574,30002.789047652066,3.1346288137947504,618126.125,197192.765625,6.57248115539551,0.0446721278131008,0.317731440067291,2.20578289031982
Malaysia,MYS,1991,101434.44396359668,31985.08419660834,3.1713045787246257,685051.6875,216015.734375,6.75363969802856,0.0469795204699039,0.375965476036072,2.25257921218872
Malaysia,MYS,1992,109372.9472665659,33925.546042707305,3.2239111827081968,758292.875,235208.984375,6.93309354782105,0.0489520728588104,0.359675019979477,2.30036807060242
Malaysia,MYS,1993,117642.99734206025,35910.718453543035,3.2759856223498445,846785.875,258482.78125,7.1979284286499,0.0504319034516811,0.40817928314209,2.34917092323303
Malaysia,MYS,1994,128749.67320518993,38244.05821614963,3.3665274871593454,950351.5625,282294.3125,7.38139009475708,0.0520789474248886,0.432736366987228,2.39900898933411
Malaysia,MYS,1995,141154.62453844107,40429.37394139301,3.4913878395213542,1082474.25,310041.25,7.6687126159668,0.0539384596049786,0.460147112607956,2.4499044418335
Malaysia,MYS,1996,154644.56498483257,43162.15075026088,3.582874400296141,1221952.75,341053.75,7.90168571472168,0.0552812665700913,0.443657696247101,2.4793438911438
Malaysia,MYS,1997,168778.35210588743,45032.783687369105,3.747899603044676,1371837.25,366028.28125,8.1280403137207,0.0559794344007969,0.461758315563202,2.50913667678833
Malaysia,MYS,1998,173849.54797960093,41727.94474991976,4.1662619384084385,1412740.625,339090.6875,8.12622547149658,0.0559122934937477,0.300399243831635,2.53928780555725
Malaysia,MYS,1999,172755.6960314733,43022.1085354989,4.015509743994233,1445193.125,359902.78125,8.3655309677124,0.0544161237776279,0.27789580821991,2.56658840179443
Malaysia,MYS,2000,171558.84014894353,44455.5236492665,3.8591118958009214,1511946.375,391786.09375,8.81299018859863,0.0525485537946224,0.317149341106415,2.58731245994568
Malaysia,MYS,2001,177440.8317313623,44375.78622122974,3.9985957847992593,1574704.125,393814.28125,8.87453079223633,0.0512358993291855,0.296414732933044,2.61509108543396
Malaysia,MYS,2002,179037.07542554446,45419.02534069281,3.941896024464832,1636063.25,415044.75,9.1381254196167,0.0503835454583168,0.30405992269516,2.64316821098328
Malaysia,MYS,2003,180646.5700134257,46629.22104458032,3.874106535914824,1701002.625,439069.65625,9.41619110107422,0.0497462972998619,0.281896084547043,2.67154669761658
Malaysia,MYS,2004,185151.56432870147,49084.73279114303,3.7720805187333255,1768553.625,468853.625,9.55192375183106,0.0492640994489193,0.273682326078415,2.70022964477539
Malaysia,MYS,2005,192590.55452590474,51539.35151604967,3.736767127656444,1845415.875,493853.59375,9.58206844329834,0.0494466871023178,0.240614801645279,2.72922086715698
Malaysia,MYS,2006,195094.20715944332,52810.624931531434,3.6942226571335115,1926295.375,521434.5625,9.87366771697998,0.0500390790402889,0.249405190348625,2.75938773155212
Malaysia,MYS,2007,199291.848290086,54644.45795183352,3.6470642359697707,2021489.75,554278.625,10.1433639526367,0.0507422313094139,0.248279392719269,2.78988838195801
Malaysia,MYS,2008,207776.95608976219,57085.167690438764,3.6397713188212792,2114925.75,581060.0625,10.1788272857666,0.0512221977114677,0.236086085438728,2.82072591781616
Malaysia,MYS,2009,211976.60510839958,55109.10113077327,3.8464899764084617,2201213.75,572265.5625,10.3842296600342,0.0513017438352108,0.223106846213341,2.85190463066101
Malaysia,MYS,2010,205736.29496284996,54810.8162332147,3.7535710850840465,2307528.0,614755.375,11.215950012207,0.0515104159712791,0.260548055171967,2.88342761993408
Malaysia,MYS,2011,196651.34656062193,52568.10995801345,3.7408867603893095,2421476.0,647300.0,12.313549041748,0.0519297383725643,0.245922744274139,2.90448880195618
Malaysia,MYS,2012,205917.31693042698,54570.02587048093,3.773450967737506,2576247.0,682729.6875,12.5110750198364,0.0524290837347508,0.259761959314346,2.92570376396179
Malaysia,MYS,2013,207484.28528990413,54002.1450725035,3.842148955589354,2746272.5,714775.125,13.2360506057739,0.0529674552381039,0.250992268323898,2.94707369804382
Malaysia,MYS,2014,214396.93349903807,55575.92823583616,3.857730141532604,2923039.5,757709.6875,13.6337747573853,0.0531952269375324,0.25241681933403,2.96859955787659
Malaysia,MYS,2015,220730.16236831798,56610.87852638661,3.899076787254495,3104790.25,796288.5625,14.0659990310669,0.0530077256262302,0.258518069982529,2.99028301239014
Malaysia,MYS,2016,232214.34641130507,58725.7743996374,3.954215142929454,3288805.75,831721.5,14.1628017425537,0.0526005774736404,0.260875225067139,3.01212477684021
Malaysia,MYS,2017,240818.60204700546,60791.5767026454,3.961381084503538,3486282.5,880067.4375,14.4767990112305,0.0522440709173679,0.267771929502487,3.03412580490112
Malaysia,MYS,2018,249136.92334996862,62445.587348574474,3.9896641849050685,3681222.0,922689.6875,14.7758989334106,0.0519649870693684,0.238951593637466,3.05628776550293
Malaysia,MYS,2019,256204.27409324804,63915.01251899908,4.00851480733247,3861843.0,963409.9375,15.073296546936,0.0516009368002415,0.217716172337532,3.07861137390137
Malaysia,MYS,2020,266086.6651600039,60898.341006963055,4.369358192033175,3979777.75,910838.0625,14.9566974639893,0.0520205348730087,0.19783553481102,3.10109806060791
Malaysia,MYS,2021,271155.5937342528,62458.093467599974,4.34140042835144,4084713.5,940874.625,15.064094543457,0.0532811731100082,0.226460531353951,3.13224864006043
Malaysia,MYS,2022,272912.58530304633,66416.55620251072,4.109104730918426,4200586.5,1022263.1875,15.3916921615601,0.054694626480341,0.225939571857452,3.16371178627014
Malaysia,MYS,2023,277973.3240652167,68138.17506408898,4.079553404589458,4323859.5,1059885.5,15.5549440383911,0.056249100714922,0.221968218684196,3.20573282241821
Mexico,MEX,1950,53401.415719617304,21678.8152134813,2.463299548141765,415028.5625,168484.8125,7.77186441421509,0.0326582118868828,0.136790841817856,1.53093492984772
Mexico,MEX,1951,56421.84058365458,23481.6645881683,2.402804127101102,443939.5,184758.921875,7.86822080612183,0.0330312624573708,0.15903015434742,1.53150415420532
Mexico,MEX,1952,59806.11474453112,24100.13623608239,2.48156749649366,475898.03125,191773.15625,7.95734739303589,0.0332815051078796,0.167017966508865,1.5320737361908
Mexico,MEX,1953,62820.930500908486,23641.432220670573,2.657238779551682,505845.21875,190364.984375,8.0521764755249,0.033403605222702,0.16474936902523,1.53264331817627
Mexico,MEX,1954,66356.97613738148,25934.257695291548,2.5586610928690203,540322.9375,211174.09375,8.14266967773438,0.0335937365889549,0.164656326174736,1.53321325778961
Mexico,MEX,1955,70329.20869626605,27732.922946731025,2.5359464933196305,579527.6875,228525.203125,8.24021339416504,0.0338416248559952,0.171173021197319,1.53378331661224
Mexico,MEX,1956,75567.12979777367,29529.243562948737,2.5590608048148615,631771.375,246876.265625,8.36039924621582,0.0341059379279614,0.202883288264275,1.54237365722656
Mexico,MEX,1957,81006.36164108124,31458.832093364806,2.5749958358488088,686973.0,266786.0625,8.48048210144043,0.0343124940991402,0.204987540841103,1.55101203918457
Mexico,MEX,1958,85282.07263414611,32400.97432931242,2.6320835838875802,733574.9375,278705.03125,8.6017484664917,0.0343532562255859,0.179337531328201,1.55969893932343
Mexico,MEX,1959,89183.77441698783,32601.767105107683,2.735550319387918,778208.5,284479.6875,8.72589778900147,0.0342496819794178,0.173687741160393,1.56843435764313
Mexico,MEX,1960,93792.26454391106,34994.64942229221,2.6801887171975416,830701.125,309941.28125,8.85681915283203,0.0340899527072907,0.179162561893463,1.57721865177155
Mexico,MEX,1961,97155.73134089194,35005.58249406991,2.775435356842028,884701.9375,318761.5,9.10601902008057,0.0339193493127823,0.181551888585091,1.59282803535461
Mexico,MEX,1962,100001.89743737118,35394.809205188234,2.825326642040854,935840.625,331232.71875,9.35822868347168,0.0337558388710022,0.171617314219475,1.60859179496765
Mexico,MEX,1963,103978.23343693934,37724.0127386705,2.7562877299729123,1000840.375,363111.71875,9.62547969818115,0.033596221357584,0.183335736393929,1.62451148033142
Mexico,MEX,1964,109501.07693636675,41681.123763237716,2.6271143157840067,1084370.25,412760.96875,9.90282726287842,0.0335588455200195,0.193935170769691,1.64058887958527
Mexico,MEX,1965,115616.25725705754,42710.79532261245,2.706956318274097,1179670.5,435792.21875,10.2033271789551,0.0337292551994324,0.20571705698967,1.65682518482208
Mexico,MEX,1966,121766.35869183892,43969.31848376697,2.7693483294901156,1281582.75,462774.125,10.5249328613281,0.0339113213121891,0.207831889390945,1.6732223033905
Mexico,MEX,1967,127574.45029739464,45043.627142902835,2.8322419482929124,1385075.0,489038.375,10.8569936752319,0.0339885726571083,0.205473467707634,1.68978178501129
Mexico,MEX,1968,134769.1775110362,47650.689236832426,2.828273413658496,1508512.125,533368.5625,11.193302154541,0.0341161079704762,0.21832711994648,1.70650506019592
Mexico,MEX,1969,139669.7275736937,47914.581344491286,2.9149733474557733,1611524.25,552843.5625,11.538106918335,0.03415921702981,0.195018991827965,1.71987664699554
Mexico,MEX,1970,144300.44239157726,49437.7436994162,2.918831475581303,1720407.25,589416.4375,11.9223976135254,0.0340970978140831,0.194075837731361,1.73269045352936
Mexico,MEX,1971,144830.49592139933,48808.962949934656,2.9672930373455766,1821928.125,614003.4375,12.5797271728516,0.0340160802006722,0.178600981831551,1.75052082538605
Mexico,MEX,1972,146399.35223275927,50240.811029094344,2.9139528051802293,1941039.875,666119.1875,13.2585277557373,0.0339426435530186,0.184200122952461,1.76853466033936
Mexico,MEX,1973,149106.86890648058,51674.131510618645,2.8855224954451386,2083733.0,722133.6875,13.9747619628906,0.0339903607964516,0.199477776885033,1.78673386573792
Mexico,MEX,1974,151745.67619788853,51971.06560015247,2.919810753263511,2237338.75,766261.5625,14.7440032958984,0.0341161116957665,0.226051807403564,1.80512034893036
Mexico,MEX,1975,153637.8744756826,51686.65986808252,2.9724860315564103,2405505.5,809257.125,15.656982421875,0.0342709086835384,0.229480057954788,1.82369601726532
Mexico,MEX,1976,157161.80391416026,51640.6561429538,3.0433734900481992,2567267.0,843559.625,16.33518409729,0.0343358889222145,0.208085224032402,1.84246277809143
Mexico,MEX,1977,158776.07208877453,51218.51296403837,3.099974265169601,2705042.0,872601.4375,17.0368366241455,0.0341981574892998,0.1962700933218,1.8614227771759
Mexico,MEX,1978,161068.3033589424,52915.141830851426,3.043898169522316,2875234.25,944589.5,17.8510246276855,0.0340638011693955,0.197988450527191,1.88057780265808
Mexico,MEX,1979,163277.7305564646,54401.785521544305,3.0013303605964006,3094565.0,1031064.4375,18.9527683258057,0.0341876521706581,0.20835454761982,1.89993000030518
Mexico,MEX,1980,166442.8127405896,55461.6230246914,3.001044752449628,3351841.0,1116891.375,20.1380939483643,0.0345112159848213,0.227393388748169,1.91948139667511
Mexico,MEX,1981,175720.06744897552,58375.62347372571,3.0101617249204264,3657681.0,1215111.125,20.8153858184814,0.0349088720977306,0.241887703537941,1.94414365291595
Mexico,MEX,1982,179966.5841544321,56034.95446132397,3.2116843117744884,3874959.75,1206519.5,21.531551361084,0.0349585227668285,0.183514818549156,1.969123005867
Mexico,MEX,1983,183426.76933220553,53291.609999099535,3.4419446013228887,3974376.0,1154689.125,21.6673717498779,0.0344728417694569,0.138412073254585,1.99442315101624
Mexico,MEX,1984,181087.25385773415,52963.63837347766,3.4190863660230773,4090092.75,1196253.125,22.5863094329834,0.0338840968906879,0.141217827796936,2.02004837989807
Mexico,MEX,1985,178453.68216747645,51865.650278588495,3.440691116547069,4230042.0,1229416.375,23.7038650512695,0.0334574207663536,0.155595853924751,2.04600286483765
Mexico,MEX,1986,176813.6743968324,48335.34924120007,3.658061381009326,4328456.0,1183265.0,24.4803237915039,0.0330894291400909,0.131643190979958,2.07229089736938
Mexico,MEX,1987,174512.39498542142,47536.243688952716,3.671143982838038,4424549.0,1205223.5,25.35378074646,0.0326780118048191,0.136451974511147,2.09891653060913
Mexico,MEX,1988,172818.15529686553,46459.23684007961,3.7197803289738545,4539001.5,1220233.75,26.2646102905273,0.0323156788945198,0.151806950569153,2.12588429450989
Mexico,MEX,1989,170904.3141548177,46646.73399445976,3.663800217505389,4658385.5,1271462.75,27.2572727203369,0.0322038233280182,0.146481096744537,2.15319871902466
Mexico,MEX,1990,169225.9276314843,47334.30968715029,3.575121909455533,4776021.0,1335904.375,28.222749710083,0.0323491841554642,0.148204892873764,2.18086385726929
Mexico,MEX,1991,168620.3570511342,47778.74275768434,3.5291920071298795,4913728.0,1392309.625,29.140775680542,0.0326780527830124,0.15718375146389,2.20346689224243
Mexico,MEX,1992,168597.47453572915,47978.11779339806,3.514049368542105,5070182.0,1442831.75,30.0727043151855,0.0331727378070354,0.170758292078972,2.22630405426025
Mexico,MEX,1993,170369.7663377669,48337.75110747511,3.5245695638376597,5253452.0,1490523.0,30.8355884552002,0.0336097776889801,0.192137241363525,2.24937796592712
Mexico,MEX,1994,172621.46901665826,49081.27696600194,3.517053338612833,5472600.5,1556018.625,31.7028961181641,0.0338905863463879,0.212355643510818,2.27269101142883
Mexico,MEX,1995,173219.41030076123,45744.588928788624,3.7866644855070137,5543877.5,1464053.0,32.0049438476563,0.0337235517799854,0.152858301997185,2.29624581336975
Mexico,MEX,1996,171387.08631101603,46993.92826724336,3.647004892555016,5671429.5,1555092.375,33.0913467407227,0.0333089008927345,0.164826348423958,2.32004451751709
Mexico,MEX,1997,172256.9836698562,49137.27134430977,3.5056277843113084,5844027.0,1667041.5,33.926212310791,0.0332626700401306,0.177145138382912,2.3440899848938
Mexico,MEX,1998,171476.2937689955,50226.74577290109,3.414043476842419,6043366.5,1770149.25,35.2431602478027,0.0335173420608044,0.178659945726395,2.36838483810425
Mexico,MEX,1999,170501.8688803979,49647.59775661446,3.4342420698025062,6246603.0,1818917.5,36.6365661621094,0.0338449962437153,0.186147943139076,2.39293122291565
Mexico,MEX,2000,170399.6059134888,50433.72463765774,3.378683750560339,6454623.5,1910395.875,37.8793334960938,0.0342078469693661,0.185592412948608,2.41773200035095
Mexico,MEX,2001,170637.90112878522,49062.82002019632,3.4779472736900057,6614301.0,1901783.0,38.7622032165527,0.0344969145953655,0.171163648366928,2.43708729743958
Mexico,MEX,2002,170676.9363883723,47900.62244418775,3.563146524603924,6760300.0,1897283.75,39.6087493896484,0.0346204787492752,0.178369075059891,2.45659756660461
Mexico,MEX,2003,171428.3877346898,47661.59668218042,3.5967823083607047,6905019.5,1919776.875,40.2793235778809,0.0346406474709511,0.183245345950127,2.47626376152039
Mexico,MEX,2004,169790.60849676593,47759.88384591077,3.5550883885012525,7068316.5,1988225.25,41.6296081542969,0.0346426144242287,0.195667341351509,2.49608755111694
Mexico,MEX,2005,172146.3106588982,48248.174702942924,3.5679341595568803,7243768.0,2030241.5,42.0791358947754,0.0347758680582047,0.193343967199326,2.51607012748718
Mexico,MEX,2006,171730.4663892806,49051.87829469044,3.5009967479241126,7449402.5,2127794.75,43.3784561157227,0.0350384749472141,0.195737168192863,2.53621244430542
Mexico,MEX,2007,173545.0734405546,49105.72615195778,3.534110724755785,7676115.0,2172007.5,44.2312469482422,0.0353541783988476,0.200276002287865,2.55651617050171
Mexico,MEX,2008,176333.0152875547,48783.37486240287,3.6146128836907057,7925027.0,2192496.75,44.9435234069824,0.0356873162090778,0.209274768829346,2.57141518592834
Mexico,MEX,2009,178374.75150177098,45217.51108642348,3.944815785213084,8104519.0,2054473.375,45.4353485107422,0.0357308946549892,0.199302986264229,2.58525681495667
Mexico,MEX,2010,180060.3660719936,46759.156839990275,3.8508043822979903,8304676.5,2156608.25,46.1216239929199,0.035663403570652,0.208954527974129,2.59917283058167
Mexico,MEX,2011,181098.1150481216,47325.74382903155,3.826630083245065,8536764.0,2230883.0,47.1388893127441,0.0359103828668594,0.221235975623131,2.61836075782776
Mexico,MEX,2012,180208.49778124175,47429.798580361334,3.7994784539493796,8777368.0,2310150.75,48.7067375183106,0.0363385006785393,0.220478519797325,2.63769030570984
Mexico,MEX,2013,182509.03750432777,47328.11403770608,3.8562499523839824,8984429.0,2329835.75,49.2273101806641,0.0367451682686806,0.214560553431511,2.6571626663208
Mexico,MEX,2014,186065.7788754091,48328.42478393664,3.8500277984904128,9194518.0,2388169.25,49.4154167175293,0.037078071385622,0.21459923684597,2.67677879333496
Mexico,MEX,2015,186192.21504045563,48461.58273254622,3.842058070369442,9423436.0,2452705.25,50.6113319396973,0.037473276257515,0.215625002980232,2.69653964042664
Mexico,MEX,2016,187009.32535467893,48380.48623201555,3.8653874716729577,9648700.0,2496179.25,51.5947532653809,0.0379331521689892,0.210836932063103,2.71644639968872
Mexico,MEX,2017,188297.53887732438,48583.581726826196,3.875744277893634,9855634.0,2542901.0,52.340747833252,0.0383128263056278,0.209731563925743,2.73650026321411
Mexico,MEX,2018,187146.46907334233,48268.63939521774,3.87718550632865,10053732.0,2593049.0,53.7211952209473,0.0386075340211391,0.199666067957878,2.75670194625855
Mexico,MEX,2019,185099.47566028722,46800.17961436261,3.9551018219485985,10215500.0,2582866.5,55.1892433166504,0.0387732982635498,0.186055421829224,2.7770528793335
Mexico,MEX,2020,200053.32665901855,46068.98770393337,4.34247281370018,10279037.0,2367093.0,51.3814849853516,0.0385839939117432,0.165054023265839,2.79755401611328
Mexico,MEX,2021,192928.43795536092,46598.36047724338,4.140240900741107,10393107.0,2510266.25,53.8702697753906,0.0382701233029366,0.173707857728004,2.81556797027588
Mexico,MEX,2022,182166.68906579027,44976.23486629734,4.050287659856911,10544608.0,2603422.0,57.884391784668,0.0380753800272942,0.183974072337151,2.83388257026672
Mexico,MEX,2023,181205.89302063533,45213.62980111583,4.007771413569705,10777758.0,2689214.75,59.4779663085938,0.038299985229969,0.207117691636086,2.85250401496887
Poland,POL,1970,19622.899789023366,18792.406462180028,1.0441930270353994,289041.375,276808.375,14.7297992706299,0.0349898710846901,0.149417787790298,2.30045819282532
Poland,POL,1971,21487.389610383845,19840.666788553324,1.0829973528299244,322011.96875,297334.03125,14.9860906600952,0.0363703779876232,0.150604113936424,2.3328070640564
Poland,POL,1972,23118.16279445373,20266.045853784544,1.1407337652962317,355046.46875,311243.9375,15.3579015731812,0.037361390888691,0.151302292943001,2.3656108379364
Poland,POL,1973,24733.937057584695,20672.300835433136,1.1964772211126955,387968.84375,324259.28125,15.6856889724731,0.0380414985120297,0.15343251824379,2.39887595176697
Poland,POL,1974,26472.528333647515,21757.714245839972,1.216696204138677,422578.78125,347316.59375,15.9629173278809,0.0385345965623856,0.156580850481987,2.43260884284973
Poland,POL,1975,28583.380012463025,22889.257618924854,1.2487683300322623,459486.6875,367951.90625,16.075309753418,0.038943387567997,0.162705019116402,2.46681594848633
Poland,POL,1976,31081.79133830428,24737.721255041746,1.2564532932462227,498955.625,397114.34375,16.0529880523682,0.039282388985157,0.165136724710464,2.47262740135193
Poland,POL,1977,33440.17168561876,26338.13972893802,1.2696481995225222,539924.5625,425255.25,16.1459865570068,0.0395542904734612,0.167310819029808,2.47845268249512
Poland,POL,1978,35048.651462732116,26999.566309179267,1.2981190535203648,581843.125,448220.15625,16.6010131835938,0.0397651791572571,0.170520797371864,2.48429179191589
Poland,POL,1979,37358.162783029264,27853.608034408127,1.34123244417312,624295.125,465463.78125,16.7110767364502,0.0397009178996086,0.173703759908676,2.49014449119568
Poland,POL,1980,39812.65991402944,26018.78894337508,1.5301503848113027,669495.6875,437535.875,16.8161506652832,0.0395305529236794,0.199098944664001,2.49601101875305
Poland,POL,1981,41325.71881774196,23308.427418412793,1.7729947231487684,698396.75,393907.96875,16.899808883667,0.0393865630030632,0.176956504583359,2.52298188209534
Poland,POL,1982,43547.43819497781,22746.599565206776,1.91445926104876,718172.0,375130.46875,16.4917163848877,0.0390600152313709,0.187515437602997,2.55024433135986
Poland,POL,1983,45119.07928716667,24078.468357246,1.8738351051963347,742042.625,396002.09375,16.4463157653809,0.0386824570596218,0.195554956793785,2.57196545600891
Poland,POL,1984,46731.90774344883,25366.77489077207,1.8422486872956392,770685.625,418339.625,16.4916362762451,0.0384145006537437,0.208504065871239,2.59064364433289
Poland,POL,1985,48182.93427552913,26084.281515354745,1.847201896175128,800867.3125,433557.0,16.6213893890381,0.0382713451981545,0.227962791919708,2.60945773124695
Poland,POL,1986,49971.32457158468,27128.1697191105,1.8420455596155558,832376.8125,451876.34375,16.6570892333984,0.0384954661130905,0.226058915257454,2.63356041908264
Poland,POL,1987,52096.784799665154,27765.01482035171,1.8763463710265444,864476.75,460723.4375,16.5936679840088,0.0391920879483223,0.21961684525013,2.65788578987122
Poland,POL,1988,54460.476469764464,29087.570953470782,1.8722937214964024,898259.125,479764.0,16.4937801361084,0.040139477699995,0.228027418255806,2.68243598937988
Poland,POL,1989,56325.398551460836,29157.088895282337,1.9317908846714247,928289.8125,480533.28125,16.4808387756348,0.0401225127279758,0.232229620218277,2.70721292495728
Poland,POL,1990,60645.24101177786,30026.935039290554,2.019694681872224,956242.6875,473459.03125,15.7678108215332,0.0391319766640663,0.196378812193871,2.73221850395203
Poland,POL,1991,66043.99110989115,29643.22131602035,2.227962690215399,980845.1875,440243.09375,14.8513917922974,0.0381348691880703,0.161882534623146,2.76477956771851
Poland,POL,1992,68370.96559080652,30666.477443265263,2.229501765153716,1006207.9375,451315.15625,14.7168893814087,0.0373331978917122,0.132128596305847,2.7977283000946
Poland,POL,1993,71849.51381647724,32570.70364435698,2.2059552228594694,1032798.9375,468186.71875,14.3744735717773,0.0369495078921318,0.139224022626877,2.83106994628906
Poland,POL,1994,73326.48055621772,33935.971882382386,2.160730236645576,1065168.5,492966.90625,14.5263824462891,0.0369271039962769,0.142370030283928,2.86480903625488
Poland,POL,1995,74954.42151200076,35655.06039328313,2.10220991593443,1108363.375,527237.25,14.7871646881104,0.0374938696622849,0.161710813641548,2.89895009994507
Poland,POL,1996,77961.611589607,37398.92426316342,2.0845950284831143,1166052.625,559366.5,14.9567537307739,0.0386625342071056,0.178078010678291,2.92251420021057
Poland,POL,1997,81912.23395328815,39233.021112107606,2.087839060857065,1242130.75,594936.0625,15.1641664505005,0.0401173494756222,0.190334156155586,2.94626998901367
Poland,POL,1998,86733.68619798652,40586.920498766245,2.136986130805934,1330127.75,622431.625,15.335768699646,0.041674617677927,0.20036768913269,2.97021865844727
Poland,POL,1999,95858.91327241712,43955.24957899663,2.180829689071357,1421205.0,651680.875,14.8260078430176,0.0431167595088482,0.199488610029221,2.99436235427856
Poland,POL,2000,104170.92116425191,47089.04599620027,2.2122113319657766,1508784.125,682025.3125,14.483736038208,0.0443951040506363,0.196958720684052,3.01870203018188
Poland,POL,2001,111137.7384769461,48757.778075630944,2.2793848051187666,1573777.875,690439.75,14.1606073379517,0.045291930437088,0.169428423047066,3.03832674026489
Poland,POL,2002,118434.94447406504,51230.56745285995,2.3118023157374457,1626506.375,703566.375,13.7333316802979,0.0456436723470688,0.152072697877884,3.05807900428772
Poland,POL,2003,123639.98552228283,53644.27140423961,2.304812467124147,1678723.125,728355.625,13.5775098800659,0.0457775667309761,0.157806575298309,3.07795977592468
Poland,POL,2004,126721.51871123114,55774.14980506215,2.2720475193999228,1739104.125,765434.75,13.7238264083862,0.045991774648428,0.181593596935272,3.09796977043152
Poland,POL,2005,129030.61444379359,56413.10440565384,2.287245415816221,1807825.625,790394.25,14.0108270645142,0.046327717602253,0.189033761620522,3.11810970306397
Poland,POL,2006,131274.1690461104,58102.80934109253,2.259342887801955,1896526.875,839415.25,14.4470682144165,0.0469524748623371,0.198590934276581,3.14025592803955
Poland,POL,2007,133316.246873638,59416.08728040849,2.243773580115851,2010788.125,896163.5625,15.0828437805176,0.0480881668627262,0.213416337966919,3.16255927085876
Poland,POL,2008,136341.2873950629,59788.41531691789,2.280396405764636,2133195.25,935449.3125,15.64599609375,0.0493890345096588,0.21291971206665,3.18502116203308
Poland,POL,2009,144223.11945669397,61707.8973556139,2.337190629354238,2243498.5,959912.5,15.5557479858398,0.0499793104827404,0.174793466925621,3.20764255523682
Poland,POL,2010,152310.0732225354,64491.5178733874,2.3617070623389154,2338872.75,990331.4375,15.3559951782227,0.0498477183282375,0.180189415812492,3.23042464256287
Poland,POL,2011,158403.30255720328,67313.91302759433,2.353203007114862,2452926.75,1042377.875,15.4853258132935,0.0497574806213379,0.183744445443153,3.27970886230469
Poland,POL,2012,164760.71420258604,68198.35373850846,2.4159045661765477,2556356.5,1058136.375,15.515570640564,0.049724455922842,0.177909418940544,3.32764506340027
Poland,POL,2013,171080.6769757515,68644.16778125377,2.492282775150381,2655219.5,1065376.5,15.5202770233154,0.0496687032282352,0.165904209017754,3.32764506340027
Poland,POL,2014,175699.54777375216,70066.00650164977,2.5076289708278887,2776308.25,1107144.75,15.8014535903931,0.0498476624488831,0.185297057032585,3.34026527404785
Poland,POL,2015,181142.6166063063,72027.29622722228,2.5149162344628526,2907773.5,1156210.875,16.0523986816406,0.0503203421831131,0.186469152569771,3.3571662902832
Poland,POL,2016,186007.48589312582,73570.50282844248,2.5282889030522573,3011843.75,1191257.75,16.1920566558838,0.0507384724915028,0.179556772112846,3.37415289878845
Poland,POL,2017,189872.77903509507,76368.0092338052,2.4862868750943634,3114414.0,1252636.625,16.4026355743408,0.0510510541498661,0.187084823846817,3.38267827033997
Poland,POL,2018,196821.91487891387,80715.57174623945,2.4384627479032117,3245288.5,1330874.75,16.4884510040283,0.0516011416912079,0.204162001609802,3.39122533798218
Poland,POL,2019,200631.55718287878,82441.94441908119,2.433610204084932,3387183.25,1391834.75,16.882604598999,0.0523519739508629,0.197273075580597,3.39979410171509
Poland,POL,2020,203541.0364637386,79057.28881775746,2.5746017793873572,3510477.25,1363503.0,17.2470245361328,0.0528532788157463,0.178765863180161,3.40838432312012
Poland,POL,2021,204218.7536145149,82017.20328395687,2.489950223094982,3630236.0,1457955.25,17.7762126922607,0.0533793270587921,0.212000355124474,3.4350049495697
Poland,POL,2022,211240.26111600667,86445.92764596747,2.4436114790869574,3749911.5,1534577.625,17.7518787384033,0.0535860396921635,0.221114084124565,3.46208596229553
Poland,POL,2023,216803.88049497342,85303.90602650712,2.5415469301910316,3905615.5,1536708.0,18.0145092010498,0.0526492930948734,0.182236924767494,3.48963713645935
Portugal,PRT,1950,47030.01939177738,11004.018368051991,4.273895028049009,152027.1875,35571.109375,3.23255634307861,0.0254288725554943,0.155206233263016,1.24187684059143
Portugal,PRT,1951,48903.4923242083,12022.976142772523,4.067503066086186,158014.375,38848.00390625,3.23114705085754,0.0251760706305504,0.141421586275101,1.24789369106293
Portugal,PRT,1952,51200.33005386858,12536.023672943404,4.084256012085765,165125.625,40429.79296875,3.22508907318115,0.0249316301196814,0.149020537734032,1.25393974781036
Portugal,PRT,1953,54038.033138062616,13194.750726499207,4.095419023683203,174288.859375,42557.02734375,3.22529983520508,0.0247277095913887,0.161786288022995,1.26001501083374
Portugal,PRT,1954,57451.139019143586,13945.381870322537,4.1197250497246385,183145.53125,44455.765625,3.18784856796265,0.0245517119765282,0.153278380632401,1.26611971855164
Portugal,PRT,1955,59498.67450375746,14447.265520517914,4.118334671655187,190524.296875,46262.4609375,3.20216035842896,0.0243622679263353,0.136130928993225,1.27225399017334
Portugal,PRT,1956,61544.350223033674,14955.751353832778,4.115095842861912,199198.078125,48406.66796875,3.23665904998779,0.0241697710007429,0.146544560790062,1.27751743793488
Portugal,PRT,1957,65148.04516914804,15623.53582426123,4.169865637455893,211687.578125,50766.04296875,3.24933123588562,0.0240748804062605,0.179057136178017,1.28280258178711
Portugal,PRT,1958,68369.54672918787,15683.125882053742,4.359433651388553,223038.09375,51162.171875,3.26224327087402,0.024050410836935,0.168637096881866,1.28810966014862
Portugal,PRT,1959,71837.91900466914,16552.741896042884,4.3399407455173815,234610.296875,54058.41015625,3.26582813262939,0.0239198356866837,0.163465812802315,1.29343867301941
Portugal,PRT,1960,76397.56743496381,17619.60480950539,4.335941030513295,251600.921875,58026.83203125,3.29331064224243,0.0238260310143232,0.198188945651054,1.29878973960876
Portugal,PRT,1961,82629.63187991705,18799.303376926753,4.395356052465869,272822.875,62070.7109375,3.30175590515137,0.0239348988980055,0.224125534296036,1.30788421630859
Portugal,PRT,1962,87432.68287851362,19725.896288771408,4.432380744508071,290646.71875,65573.5,3.32423424720764,0.0239437837153673,0.188218384981155,1.31704235076904
Portugal,PRT,1963,93706.73749677381,20854.453975992044,4.493368064426448,311634.3125,69354.28125,3.32563400268555,0.024079343304038,0.204238250851631,1.32626450061798
Portugal,PRT,1964,100130.9876612939,21818.18599399692,4.5893360561159415,334753.59375,72941.6171875,3.3431568145752,0.0244212932884693,0.218425318598747,1.33555138111115
Portugal,PRT,1965,106672.25662903281,22987.98400440725,4.640348479822399,362394.25,78096.34375,3.39726805686951,0.024693738669157,0.23492331802845,1.34490323066711
Portugal,PRT,1966,113023.68032686609,23398.512108822473,4.830378948935398,389382.28125,80611.125,3.44513893127441,0.0249063577502966,0.230407103896141,1.35505497455597
Portugal,PRT,1967,120938.74406784552,25161.916669851747,4.806420180730933,414925.75,86327.3984375,3.43087530136108,0.0249925833195448,0.213224470615387,1.36528325080872
Portugal,PRT,1968,129035.5323631921,28501.844667499456,4.527269510746117,441244.0625,97463.6171875,3.41955471038818,0.025077473372221,0.195686161518097,1.37558889389038
Portugal,PRT,1969,135467.976376706,29105.365234156583,4.654398777917676,466646.3125,100259.203125,3.44469833374023,0.0251383651047945,0.192739203572273,1.38597226142883
Portugal,PRT,1970,145288.6558942439,30906.1357405826,4.7009647894436215,505833.25,107602.0078125,3.48157429695129,0.0253833010792732,0.244924694299698,1.39643394947052
Portugal,PRT,1971,153768.63335611564,32145.77906408193,4.783478199410912,548845.75,114737.796875,3.56929588317871,0.0258058980107307,0.221300169825554,1.4147846698761
Portugal,PRT,1972,161615.71944592352,33481.70071519733,4.826986562620046,598231.75,123934.828125,3.70156908035278,0.0260311551392078,0.237526252865791,1.43337643146515
Portugal,PRT,1973,171130.2065909161,36172.34351541184,4.730968191707103,652004.8125,137816.359375,3.80999255180359,0.0261253826320171,0.265006303787231,1.45221245288849
Portugal,PRT,1974,183279.85089564376,36596.42758623883,5.008135028036495,698091.0625,139391.421875,3.80888056755066,0.0261563640087843,0.24980890750885,1.47129619121552
Portugal,PRT,1975,199993.28500272284,36315.85355146033,5.507051754114168,734261.75,133331.1875,3.67143201828003,0.0261295735836029,0.146396666765213,1.49063050746918
Portugal,PRT,1976,214320.15784073994,39708.055501230236,5.397397458409915,769298.3125,142531.34375,3.58948183059692,0.026169853284955,0.177043810486794,1.52037870883942
Portugal,PRT,1977,219929.34189966237,40823.586059434645,5.3873106977782275,810880.75,150516.796875,3.68700575828552,0.0262042172253132,0.223030313849449,1.55072057247162
Portugal,PRT,1978,222545.6574858341,40237.8191153357,5.5307584351910375,855914.25,154755.3125,3.84601640701294,0.0261692404747009,0.230728775262833,1.58166790008545
Portugal,PRT,1979,223840.95523131487,40737.2528040804,5.4947484138865175,898291.6875,163481.859375,4.01308012008667,0.0258209928870201,0.238261193037033,1.61323285102844
Portugal,PRT,1980,227051.7134864347,41014.05130075074,5.535949419419549,946562.0625,170984.59375,4.16892719268799,0.0255564618855715,0.256579548120499,1.64542782306671
Portugal,PRT,1981,236967.08103367552,41303.20119490183,5.737257020720347,996855.9375,173751.3125,4.20672750473023,0.0256610196083784,0.272056937217712,1.68073642253876
Portugal,PRT,1982,246235.5694459216,41746.90860599342,5.898294692186397,1046720.5,177461.546875,4.25089073181152,0.0257469080388546,0.276030093431473,1.71491658687592
Portugal,PRT,1983,260736.20765364193,42429.709589830825,6.145132978146352,1088637.0,177154.34375,4.17524290084839,0.0256774891167879,0.226859852671623,1.7425811290741
Portugal,PRT,1984,264830.1465171716,41275.7458419679,6.416120196376936,1115274.875,173823.875,4.21128368377686,0.0252709910273552,0.188139826059341,1.77069199085236
Portugal,PRT,1985,271646.9386137768,42601.74234353174,6.37642790342403,1139492.375,178703.875,4.19475507736206,0.0247031692415476,0.183008030056953,1.79925620555878
Portugal,PRT,1986,279553.3792297131,44440.000028238435,6.290580086680401,1170701.625,186103.921875,4.18775701522827,0.0243754480034113,0.199583381414413,1.82656157016754
Portugal,PRT,1987,282326.84242519643,46050.65652029294,6.130788652291737,1213773.25,197979.953125,4.29917764663696,0.0244270265102386,0.244524329900742,1.8542811870575
Portugal,PRT,1988,288261.52301218954,48403.09687249063,5.955435532804097,1267357.625,212806.875,4.39655494689941,0.0247024614363909,0.283170014619827,1.88242161273956
Portugal,PRT,1989,294741.4394255528,50512.52285148639,5.835017195481054,1321707.25,226513.0,4.48429393768311,0.0249799564480782,0.276435941457748,1.9109890460968
Portugal,PRT,1990,303465.2656779129,51785.61374208651,5.860030300872628,1379811.25,235461.453125,4.54685068130493,0.0253081936389208,0.291555374860764,1.93999004364014
Portugal,PRT,1991,310587.0475358299,53129.00167447996,5.845904077753781,1436612.75,245746.890625,4.62547540664673,0.0257591083645821,0.284319519996643,1.96610045433044
Portugal,PRT,1992,319960.87328891194,53212.84919548996,6.012849868524426,1493737.625,248424.234375,4.66850090026856,0.02616280131042,0.29890900850296,1.99256241321564
Portugal,PRT,1993,335587.1333273622,52963.99923906929,6.33613658614763,1541887.75,243348.25,4.59459733963013,0.0264300908893347,0.272885620594025,2.01938056945801
Portugal,PRT,1994,349526.28554280463,53989.42897809664,6.473976334971176,1590631.0,245696.140625,4.55081939697266,0.0266372207552195,0.291717410087585,2.04655957221985
Portugal,PRT,1995,360617.31309028214,56198.94324388119,6.416798827076616,1644104.375,256218.78125,4.55913877487183,0.0268023163080215,0.304219126701355,2.07410454750061
Portugal,PRT,1996,367161.68173773546,57220.46925663773,6.416614307914711,1701670.875,265197.625,4.63466358184814,0.0269812382757664,0.300201296806335,2.10709190368652
Portugal,PRT,1997,372860.7910942884,58225.38487779086,6.403749702589089,1772997.375,276868.625,4.75511884689331,0.0273257475346327,0.306975811719894,2.14060401916504
Portugal,PRT,1998,379783.68502298533,59372.623779026755,6.396612796437388,1856171.5,290180.375,4.88744401931763,0.0278877578675747,0.317463487386704,2.17464900016785
Portugal,PRT,1999,391561.12744868075,60766.330340628316,6.443718507498605,1942887.25,301516.46875,4.96190023422241,0.0285302009433508,0.316723585128784,2.20923566818237
Portugal,PRT,2000,400661.6675650035,61748.549504591436,6.488600473687426,2031080.375,313022.875,5.0693154335022,0.0291079599410296,0.304267197847366,2.24437212944031
Portugal,PRT,2001,410258.0632580946,61875.985352049545,6.630327758400787,2115784.0,319107.0,5.15720272064209,0.0295202601701021,0.297283321619034,2.24157786369324
Portugal,PRT,2002,423091.888308572,62101.70412048616,6.812886929603629,2190800.25,321567.09375,5.17807197570801,0.0297163855284452,0.281519860029221,2.23878693580627
Portugal,PRT,2003,439004.78492554073,62111.737253820254,7.067984318834026,2251682.0,318574.84375,5.1290602684021,0.0297665372490883,0.265076011419296,2.235999584198
Portugal,PRT,2004,453635.7214424664,63659.522618563846,7.125968005769824,2310761.25,324273.3125,5.09386968612671,0.0297935884445906,0.293713003396988,2.23321557044983
Portugal,PRT,2005,466861.09421620215,64439.58375654183,7.24494273550932,2367710.0,326808.65625,5.07155132293701,0.029864277690649,0.287223994731903,2.23043513298035
Portugal,PRT,2006,475395.66657849593,65215.83685385625,7.2895739671917665,2421008.75,332119.375,5.09261846542358,0.0300002600997686,0.280323296785355,2.25600552558899
Portugal,PRT,2007,486009.28574776824,66828.1238207132,7.272526265313631,2475889.75,340444.25,5.09432601928711,0.0302647296339273,0.293081313371658,2.28186869621277
Portugal,PRT,2008,494312.12047303515,66783.83598373491,7.401673072409677,2527901.5,341531.09375,5.11397838592529,0.0306558273732662,0.310193926095963,2.30802869796753
Portugal,PRT,2009,515775.4220216841,66498.04953708837,7.7562488766534035,2566296.25,330868.21875,4.97560787200928,0.0309376362711191,0.284492671489716,2.33448839187622
Portugal,PRT,2010,530501.7200319812,68646.66459969553,7.728004312016264,2601381.25,336617.46875,4.90362453460693,0.0310867670923471,0.291430950164795,2.36125135421753
Portugal,PRT,2011,545735.1483626509,68922.3212648683,7.9181190991143815,2619705.25,330849.4375,4.80032348632813,0.0311038810759783,0.241171732544899,2.37762331962585
Portugal,PRT,2012,568928.9415189119,68930.94740791932,8.253606876344035,2620083.0,317447.03125,4.60529041290283,0.0308893769979477,0.211786195635796,2.39410853385925
Portugal,PRT,2013,584941.0092169297,70271.16638530475,8.324054364056405,2616442.0,314323.03125,4.47300148010254,0.030665123835206,0.205343037843704,2.41070818901062
Portugal,PRT,2014,575683.9451579526,69698.18782113261,8.259668768366517,2615452.25,316653.40625,4.54320859909058,0.0306004080921412,0.216606169939041,2.42742276191711
Portugal,PRT,2015,567886.9144148239,69725.2157259988,8.144641913285223,2620029.75,321687.53125,4.61364698410034,0.0306811463087797,0.214343041181564,2.44425344467163
Portugal,PRT,2016,559410.3117969943,69885.25089678603,8.00469776696074,2626618.5,328134.625,4.69533443450928,0.0308756083250046,0.220830217003822,2.46120071411133
Portugal,PRT,2017,544976.8810369632,69880.8479592714,7.798658673326227,2643834.0,339011.375,4.85127735137939,0.0312466993927956,0.240646824240685,2.47826552391052
Portugal,PRT,2018,536446.8540685931,70249.44239788175,7.636314762902213,2665070.75,348999.59375,4.96800518035889,0.0317825525999069,0.250626504421234,2.49544858932495
Portugal,PRT,2019,537101.2673791795,71598.5997541848,7.501561053193459,2689925.0,358582.03125,5.00822687149048,0.0323486626148224,0.247574508190155,2.51275086402893
Portugal,PRT,2020,552233.3748969418,67074.74553251771,8.233104285564826,2710022.5,329161.6875,4.907386302948,0.0326957628130913,0.260102093219757,2.5301730632782
Portugal,PRT,2021,550405.8370963864,69839.25257272348,7.881038482238192,2738337.75,347459.0,4.97512483596802,0.0329424403607845,0.269987612962723,2.56238317489624
Portugal,PRT,2022,538512.7693147018,72269.79422279762,7.4514224802487,2769931.25,371731.875,5.14366865158081,0.0332797393202782,0.271046549081802,2.58546710014343
Portugal,PRT,2023,544399.7800508569,73995.10142600743,7.357240811342601,2804013.0,381122.90625,5.15065050125122,0.0335563719272614,0.261931091547012,2.60914421081543
Russia,RUS,1990,499130.2594980371,56881.26681953228,8.774949775321149,37380040.0,4259858.0,74.8903503417969,0.0356922447681427,0.41116937994957,2.72337341308594
Russia,RUS,1991,529576.9010148657,55102.862950220384,9.610696661864601,38893240.0,4046870.0,73.4421005249023,0.0364197194576263,0.36286073923111,2.75590562820435
Russia,RUS,1992,547636.1887398717,48494.08570058356,11.2928449073385,39074000.0,3460067.0,71.3502883911133,0.0363926999270916,0.339354962110519,2.78882670402527
Russia,RUS,1993,567028.0837462576,46175.49024521208,12.279849780372446,38792552.0,3159041.25,68.4138107299805,0.0356531739234924,0.281513631343842,2.82214093208313
Russia,RUS,1994,590418.6608653119,42581.43670977629,13.86563503926483,38239248.0,2757843.25,64.7663269042969,0.0344543606042862,0.224260285496712,2.85585308074951
Russia,RUS,1995,588911.8104305522,41313.32584203241,14.254766432563267,37700600.0,2644771.5,64.0173950195313,0.0332501046359539,0.207660496234894,2.889967918396
Russia,RUS,1996,588512.622981413,40487.6309126023,14.535615192002524,37056436.0,2549354.5,62.9662551879883,0.0322027616202831,0.180481046438217,2.94356226921082
Russia,RUS,1997,605481.5645128335,42945.95634069973,14.098686258361901,36438964.0,2584564.5,60.1817893981934,0.0312559753656387,0.188120409846306,2.99815082550049
Russia,RUS,1998,612197.4151710736,41855.94199802492,14.626296433609395,35782108.0,2446423.0,58.4486427307129,0.0304080545902252,0.119932480156422,3.05375146865845
Russia,RUS,1999,558933.6048155337,41327.93577608305,13.524353305325135,35187632.0,2601797.75,62.9549407958984,0.0296720433980227,0.1242850497365,3.1103835105896
Russia,RUS,2000,533654.4098102374,43965.84678626421,12.13793088995983,34752908.0,2863165.75,65.1224975585938,0.0291832536458969,0.17350697517395,3.16806554794312
Russia,RUS,2001,528247.7969329164,46160.49634583698,11.44372003661431,34433384.0,3008932.75,65.1841506958008,0.0289047732949257,0.180916532874107,3.17985320091248
Russia,RUS,2002,510140.76159945567,47076.65189546753,10.836385789121323,34152712.0,3151670.0,66.947624206543,0.0286878254264593,0.157231897115707,3.19168448448181
Russia,RUS,2003,508285.89202779584,50546.16850792658,10.055873808676264,34005056.0,3381611.25,66.9014358520508,0.0285727214068174,0.168306484818459,3.20355987548828
Russia,RUS,2004,500004.1043910798,53335.00036668865,9.374783930879403,33976788.0,3624274.25,67.9530181884766,0.0286166332662106,0.172864601016045,3.21547937393188
Russia,RUS,2005,492990.98775943543,55837.65806794726,8.82900545648832,34039032.0,3855364.25,69.0459518432617,0.0289138182997704,0.169436544179916,3.22744345664978
Russia,RUS,2006,489792.2030638047,59608.69230318698,8.216791614427313,34261632.0,4169709.25,69.9513626098633,0.0295502599328756,0.176494672894478,3.24144864082336
Russia,RUS,2007,484205.7337911697,63173.61187501234,7.664683392634895,34687272.0,4525597.5,71.6374664306641,0.0305112656205893,0.191291123628616,3.25551462173462
Russia,RUS,2008,489506.81628065754,66219.12168490118,7.3922275594342635,35209908.0,4763098.5,71.9293518066406,0.0316856354475021,0.196186691522598,3.2696418762207
Russia,RUS,2009,503986.0335103071,62395.14084755034,8.077328244865942,35464172.0,4390582.0,70.3673706054688,0.0324012823402882,0.132085427641869,3.28383016586304
Russia,RUS,2010,506092.3029910899,64907.13243429726,7.797175503067952,35775948.0,4588321.5,70.690559387207,0.032837301492691,0.154515743255615,3.29807996749878
Russia,RUS,2011,506486.8509091591,66823.02168414507,7.579526309109304,36158892.0,4770600.5,71.3915710449219,0.0334972739219666,0.167835265398026,3.29943633079529
Russia,RUS,2012,507584.17173314496,68840.5834398911,7.3733275688511215,36590680.0,4962573.5,72.0879058837891,0.034234631806612,0.174396097660065,3.30079340934753
Russia,RUS,2013,514542.7144414997,70197.43969081734,7.329935631666748,37013888.0,5049688.0,71.9355010986328,0.034890815615654,0.186769813299179,3.30215072631836
Russia,RUS,2014,518256.5464894224,70565.23998829888,7.344360290921701,37359784.0,5086867.0,72.0874328613281,0.0352417565882206,0.165864035487175,3.3035089969635
Russia,RUS,2015,522801.1644361253,69470.11529938334,7.525554868926006,37526296.0,4986515.5,71.7792892456055,0.0352284573018551,0.167934715747833,3.30486750602722
Russia,RUS,2016,524206.7198914834,69440.76701896818,7.548976521936934,37716004.0,4996174.5,71.9487228393555,0.0350418873131275,0.170903071761131,3.30622673034668
Russia,RUS,2017,527475.1617697536,70667.4029580395,7.464193386064504,37973636.0,5087440.0,71.991325378418,0.034981444478035,0.175107136368752,3.3075864315033
Russia,RUS,2018,528559.9082971633,72308.30656353795,7.309808975165433,38231836.0,5230210.0,72.3320770263672,0.03506263718009,0.182786673307419,3.30894684791565
Russia,RUS,2019,535988.3808876098,74426.86280942505,7.201544719949353,38493524.0,5345176.0,71.8178329467773,0.0352733992040157,0.189479038119316,3.31030750274658
Russia,RUS,2020,548097.472055682,73746.90148505659,7.432142381829337,38671908.0,5203332.5,70.5566253662109,0.0356334634125233,0.196977660059929,3.31166911125183
Russia,RUS,2021,542940.7218994988,76912.81397944802,7.05917120708363,38930708.0,5514912.0,71.7034225463867,0.0359714180231094,0.221191927790642,3.31303095817566
Russia,RUS,2022,539557.0798672058,74835.46737089142,7.209911273662681,39284384.0,5448664.0,72.8085784912109,0.0362408421933651,0.229107409715652,3.32773017883301
Russia,RUS,2023,533318.2462617508,75639.94528161938,7.050748705278982,39794260.0,5643976.5,74.6163482666016,0.0367455184459686,0.258647620677948,3.3425760269165
Singapore,SGP,1960,50819.849839515016,20173.414568344015,2.519149629694379,24091.14453125,9563.205078125,0.474049896001816,0.0266699455678463,0.460530996322632,1.4577100276947
Singapore,SGP,1961,50718.39127186496,20944.56004437183,2.421554387603089,25006.4296875,10326.6025390625,0.49304461479187,0.0266675911843777,0.384824961423874,1.47825813293457
Singapore,SGP,1962,51055.76035660226,21665.460373775844,2.3565509098713093,26030.716796875,11046.1083984375,0.509848773479462,0.0265229735523462,0.330865472555161,1.49909603595734
Singapore,SGP,1963,53613.12439682213,23090.078816530346,2.321911710342025,28196.880859375,12143.8212890625,0.525932431221008,0.0262688118964434,0.411088556051254,1.52022755146027
Singapore,SGP,1964,54783.56289210808,21517.195338586007,2.5460364155298016,29730.373046875,11677.1201171875,0.542687833309174,0.0258909165859222,0.356855154037476,1.54165697097778
Singapore,SGP,1965,56960.57341620282,22443.570040594503,2.537946205223864,31854.015625,12551.099609375,0.55922919511795,0.0256807804107666,0.400832414627075,1.56338858604431
Singapore,SGP,1966,59566.93964078147,24112.421088324263,2.4703840158807204,34344.44140625,13902.470703125,0.576568841934204,0.0256460849195719,0.374348163604736,1.5813649892807
Singapore,SGP,1967,63556.466311425116,26319.392344458647,2.4148151096963475,37675.55859375,15601.83984375,0.592788755893707,0.0257250033318996,0.405516177415848,1.59954822063446
Singapore,SGP,1968,68616.04671769403,29212.547738447043,2.3488552704147567,41615.42578125,17717.322265625,0.60649698972702,0.0264434181153774,0.410025209188461,1.6179404258728
Singapore,SGP,1969,76523.99229343772,32501.468288216478,2.354478007419184,47379.36328125,20123.0859375,0.619143903255463,0.0280058644711971,0.475831866264343,1.63654410839081
Singapore,SGP,1970,87759.66855563168,36187.04588940844,2.4251680787604166,55494.36328125,22882.6875,0.632344722747803,0.0300627704709768,0.545324087142944,1.65536177158356
Singapore,SGP,1971,94643.79883736807,37216.84480668263,2.543036609604635,65415.08203125,25723.216796875,0.69117134809494,0.0328823998570442,0.550719320774078,1.66047644615173
Singapore,SGP,1972,98617.60279328107,37763.06628328241,2.6114829249694367,76120.5703125,29148.408203125,0.771876096725464,0.0356572717428207,0.540211975574493,1.66560697555542
Singapore,SGP,1973,111454.6906952324,41490.31730112117,2.6862819555303963,86603.0859375,32239.015625,0.777025043964386,0.0382390096783638,0.525719046592712,1.67075324058533
Singapore,SGP,1974,120987.00479961901,42384.633685592875,2.8545016030360117,97655.9453125,34211.20703125,0.807160615921021,0.0409832708537579,0.614143252372742,1.67591547966003
Singapore,SGP,1975,130674.36731687881,43137.6091013067,3.029244551082932,107767.8125,35575.8046875,0.824705064296722,0.0424032062292099,0.570456743240356,1.68109369277954
Singapore,SGP,1976,138391.98024914894,44741.00727302689,3.093179807164995,118226.3828125,38221.6328125,0.854286372661591,0.0429538935422897,0.532143950462341,1.67500722408295
Singapore,SGP,1977,144938.78594110833,46135.56209024199,3.141584915723048,128304.671875,40840.74609375,0.885233521461487,0.0436844751238823,0.502985298633575,1.66894268989563
Singapore,SGP,1978,150147.0737623582,47121.760143840496,3.1863638646780177,140254.203125,44017.0078125,0.934112131595612,0.0447207689285278,0.4867043197155,1.66290020942688
Singapore,SGP,1979,154447.20889331718,48397.59248342599,3.191216772739438,153888.75,48222.59375,0.996384143829346,0.0462415181100369,0.499311476945877,1.65687954425812
Singapore,SGP,1980,163266.0274718057,50676.67953526321,3.2217191214786975,171071.75,53099.5234375,1.04780983924866,0.0479355789721012,0.570578277111054,1.65088069438934
Singapore,SGP,1981,169118.80293651574,52091.19037638284,3.2465912511223975,191038.28125,58842.7265625,1.12960994243622,0.0489199832081795,0.637343168258667,1.71060574054718
Singapore,SGP,1982,179128.59197032693,52184.35978001173,3.4326107041546745,216329.375,63021.8203125,1.20767641067505,0.0487272329628468,0.676628053188324,1.75741302967072
Singapore,SGP,1983,197330.25078038016,55193.27503843846,3.575258953974967,244594.21875,68413.0078125,1.23951709270477,0.0469528622925282,0.642527580261231,1.80550110340118
Singapore,SGP,1984,218891.3934636328,59016.167616858416,3.7090072483985694,276054.28125,74428.078125,1.26114726066589,0.0443283207714558,0.618556797504425,1.85490489006042
Singapore,SGP,1985,243705.4373416215,59898.673882644136,4.068628260770829,300934.5,73964.609375,1.23482882976532,0.0421618148684502,0.555209457874298,1.90566074848175
Singapore,SGP,1986,264634.72783353983,61994.24033000921,4.268698614981488,319972.34375,74957.8203125,1.20910942554474,0.0406063161790371,0.477774977684021,1.93310272693634
Singapore,SGP,1987,269749.94851082197,66171.87902699945,4.076504286673778,338560.6875,83051.71875,1.25509083271027,0.0398139767348766,0.461406469345093,1.96093988418579
Singapore,SGP,1988,271813.26912378427,70104.50674686303,3.877258135561265,358283.1875,92406.328125,1.31812250614166,0.0397671535611153,0.416202068328857,1.989177942276
Singapore,SGP,1989,276978.07983211486,73689.3168577028,3.7587277456645625,382614.875,101793.71875,1.38139045238495,0.0405080430209637,0.442321956157684,2.01782250404358
Singapore,SGP,1990,268951.6155755058,73455.25808643604,3.6614344919872988,409314.59375,111790.7734375,1.5218893289566,0.0418878048658371,0.456085830926895,2.04687976837158
Singapore,SGP,1991,280194.8209028845,76011.52327683599,3.686215047715956,439646.71875,119267.7890625,1.56907510757446,0.0433828830718994,0.512158632278442,2.1113440990448
Singapore,SGP,1992,295369.6188000334,79205.61199215401,3.7291501368525792,474299.15625,127186.9296875,1.60578179359436,0.0446267388761044,0.513996183872223,2.17783856391907
Singapore,SGP,1993,320438.753949057,88644.12742146256,3.61488982147138,512454.40625,141762.109375,1.59922730922699,0.0456315316259861,0.652944684028626,2.24642753601074
Singapore,SGP,1994,336800.6968843522,95657.54013972083,3.520900667029583,554512.3125,157491.609375,1.64641082286835,0.046156257390976,0.611289441585541,2.3171763420105
Singapore,SGP,1995,356823.3755036877,99933.31239206475,3.5706149127107434,602692.125,168792.25,1.68904888629913,0.0464525781571865,0.639970481395721,2.39015340805054
Singapore,SGP,1996,380843.10063751024,103582.59327159176,3.6767094606228503,666967.5625,181403.390625,1.75129222869873,0.0472463257610798,0.567406475543976,2.46764349937439
Singapore,SGP,1997,395529.3471456698,105353.55613268873,3.754304663883542,737680.625,196489.28125,1.86504650115967,0.0479022897779942,0.596233606338501,2.54764604568481
Singapore,SGP,1998,412428.47209157824,99077.60211336716,4.1626812043721735,800001.375,192184.15625,1.93973362445831,0.0477310195565224,0.38649594783783,2.6070761680603
Singapore,SGP,1999,430149.43532195006,102230.79968041397,4.207630544480235,854881.0625,203173.984375,1.98740482330322,0.0472639799118042,0.420930504798889,2.66368556022644
Singapore,SGP,2000,437844.00771432027,105637.1171577246,4.144793226992217,918227.0,221537.46875,2.09715557098389,0.0469802767038345,0.419180691242218,2.72152423858643
Singapore,SGP,2001,454367.0567307144,102366.18826614972,4.438643896257723,972795.875,219165.109375,2.1409912109375,0.046735730022192,0.363375902175903,2.70760941505432
Singapore,SGP,2002,461297.4402195708,103610.78599849924,4.4522144656469695,1014053.0625,227763.75,2.19826292991638,0.0463997572660446,0.328588128089905,2.69376587867737
Singapore,SGP,2003,479693.33555268584,108884.6536172878,4.4055183133403855,1049055.375,238123.03125,2.18692922592163,0.0461049489676952,0.259073466062546,2.67999315261841
Singapore,SGP,2004,483256.2056475088,115882.94256768934,4.17020999760366,1091729.375,261792.421875,2.25911092758179,0.0462254360318184,0.330419152975082,2.6662905216217
Singapore,SGP,2005,478278.14034588926,118437.07958404228,4.038246654051494,1135057.75,281076.875,2.3732168674469,0.0468008518218994,0.286780714988709,2.65265846252441
Singapore,SGP,2006,465197.3302958371,120270.54449484174,3.867924039504027,1185104.125,306392.8125,2.54752993583679,0.0476377792656422,0.26927250623703,2.72960352897644
Singapore,SGP,2007,445957.57931977004,119424.99471101537,3.734206397906052,1247352.25,334034.09375,2.79701995849609,0.0486085154116154,0.274222105741501,2.80878090858459
Singapore,SGP,2008,446709.37671145354,115248.19970568348,3.8760638157666945,1318864.75,340258.78125,2.95239996910095,0.0494943074882031,0.419372618198395,2.89025473594666
Singapore,SGP,2009,465830.31370637054,113876.27657519798,4.090670398752987,1393667.5,340694.15625,2.99179220199585,0.0499123372137547,0.361442983150482,2.97409200668335
Singapore,SGP,2010,474295.2748838952,125522.06736023475,3.7785808094023743,1474259.0,390162.09375,3.10831475257874,0.0503729693591595,0.358960896730423,3.0603609085083
Singapore,SGP,2011,482529.9346986283,128282.88846865064,3.761452056924548,1558784.875,414410.40625,3.23044180870056,0.0511189624667168,0.366518378257751,3.07251238822937
Singapore,SGP,2012,491871.38296053774,128828.99268348765,3.818017766924465,1652405.875,432791.5625,3.35942673683167,0.0516959168016911,0.395231038331986,3.07657361030579
Singapore,SGP,2013,501067.66130525316,129733.77917781484,3.862275996897332,1752090.125,453641.875,3.49671363830566,0.052265603095293,0.397632658481598,3.10310220718384
Singapore,SGP,2014,511858.01035676047,130153.44601451876,3.9327273002027328,1854261.75,471495.125,3.62260961532593,0.0529721193015575,0.360101878643036,3.11748170852661
Singapore,SGP,2015,534602.827382854,132822.29536942337,4.0249479644659365,1954235.375,485530.59375,3.6554901599884,0.0535507313907146,0.300047993659973,3.14851927757263
Singapore,SGP,2016,558190.8371158275,136945.95193391936,4.07599369848604,2050039.5,502954.53125,3.67264986038208,0.0541719123721123,0.303266853094101,3.15059947967529
Singapore,SGP,2017,585537.5601136805,143257.46998144707,4.087309095920178,2148504.5,525652.5625,3.66928553581238,0.0556410737335682,0.311413735151291,3.1422872543335
Singapore,SGP,2018,599623.123427534,146480.3634562126,4.093539292772028,2227459.75,544140.3125,3.71476626396179,0.0571823418140411,0.295100212097168,3.18827772140503
Singapore,SGP,2019,613386.1864775656,146680.16919204555,4.181793557072264,2306089.0,551459.3125,3.75960373878479,0.0580892637372017,0.291133373975754,3.21364641189575
Singapore,SGP,2020,627692.3305095463,141486.04767222315,4.436425646461649,2351833.25,530118.9375,3.74679303169251,0.0583657994866371,0.266746759414673,3.23067116737366
Singapore,SGP,2021,632380.5874592023,150871.4394702979,4.191519545909147,2437333.25,581491.5625,3.85421895980835,0.0585080720484257,0.294067203998566,3.29967594146729
Singapore,SGP,2022,636911.456368717,152403.55721560254,4.179111485355226,2523388.0,603809.6875,3.96191334724426,0.0587096810340881,0.287163943052292,3.2801206111908
Singapore,SGP,2023,657479.5137480103,153917.37153431601,4.271639433508807,2606984.75,610300.75,3.96511936187744,0.0587050914764404,0.254242181777954,3.39934206008911
South Korea,KOR,1953,29344.64677072207,5684.358203763816,5.162350034748326,186662.53125,36158.44140625,6.36104202270508,0.0294177886098623,0.163802832365036,1.8266019821167
South Korea,KOR,1954,29018.407195388772,5807.377814098151,4.9968175180445265,184695.375,36962.6015625,6.36476612091064,0.0287928190082312,0.12935896217823,1.84198462963104
South Korea,KOR,1955,28668.00306820556,6252.005721272855,4.585408962544742,183347.09375,39984.89453125,6.39553070068359,0.0282368864864111,0.127293661236763,1.85749673843384
South Korea,KOR,1956,28056.228875716904,6455.621169339183,4.346015377880177,181791.921875,41829.5625,6.47955656051636,0.0277981124818325,0.117660231888294,1.80692088603973
South Korea,KOR,1957,27772.616706062654,6770.2096427158,4.102179721412874,183034.5,44618.83984375,6.59046649932861,0.0275901835411787,0.168310046195984,1.75772225856781
South Korea,KOR,1958,27297.882642682387,6875.227538378307,3.9704697030465512,183336.578125,46175.03515625,6.71614646911621,0.0274888165295124,0.140137419104576,1.70986318588257
South Korea,KOR,1959,26515.390622410774,6847.413375440057,3.8723221702248596,181973.59375,46993.40234375,6.86294221878052,0.0272579248994589,0.101454205811024,1.64859485626221
South Korea,KOR,1960,25760.909084296207,6766.207288825194,3.807289369754002,181026.734375,47547.40625,7.02718734741211,0.0269683636724949,0.106079071760178,1.58930730819702
South Korea,KOR,1961,24840.694746998208,6796.400754411761,3.6549779279677286,181622.078125,49691.703125,7.31147336959839,0.0268260072916746,0.124929942190647,1.6320868730545
South Korea,KOR,1962,23978.527230637173,6697.123654819605,3.5804217551487127,182051.1875,50846.296875,7.5922589302063,0.0268040262162685,0.118974603712559,1.67601799964905
South Korea,KOR,1963,24107.08730389304,6962.714973342754,3.4623113822968086,189762.984375,54808.1796875,7.87166786193848,0.0272181313484907,0.222204491496086,1.71817469596863
South Korea,KOR,1964,24177.41555264309,7386.5423262653885,3.2731709214840596,193574.0625,59139.61328125,8.0064001083374,0.0276443883776665,0.153420269489288,1.75291919708252
South Korea,KOR,1965,23495.116982222513,7384.991709953383,3.181468294751928,197572.375,62101.00390625,8.40908241271973,0.0276931691914797,0.14865505695343,1.78836631774902
South Korea,KOR,1966,24307.673084569553,8019.391772628558,3.0311118067002853,209710.359375,69185.953125,8.62733173370361,0.0282941646873951,0.22665798664093,1.8245302438736
South Korea,KOR,1967,25013.23125050142,8192.670374280753,3.053123109776936,222999.515625,73039.8046875,8.91526222229004,0.0295642241835594,0.243247151374817,1.86142551898956
South Korea,KOR,1968,25923.35836065513,8642.153948283503,2.9996408899663263,242367.09375,80798.703125,9.3493709564209,0.0310702808201313,0.294245719909668,1.89906668663025
South Korea,KOR,1969,27198.943009606304,9614.364851951907,2.828990102667508,261327.828125,92374.953125,9.60801410675049,0.0325212180614471,0.272381514310837,1.9374692440033
South Korea,KOR,1970,28401.71356346324,10208.221106367859,2.782239262602407,278630.4375,100146.109375,9.81033897399902,0.0331671945750713,0.246481448411942,1.97664833068848
South Korea,KOR,1971,28921.291074862896,10803.15070764512,2.6771163207411353,296659.5,110813.078125,10.2574777603149,0.0333334989845753,0.25457888841629,2.01497268676758
South Korea,KOR,1972,29150.98654892924,11024.718353122928,2.6441479605392146,314503.53125,118943.2421875,10.7887783050537,0.0337378680706024,0.208039790391922,2.05404019355774
South Korea,KOR,1973,29888.682547973785,12027.027012446886,2.4851264171138636,339852.53125,136754.625,11.3706092834473,0.034215971827507,0.239709362387657,2.09386515617371
South Korea,KOR,1974,31281.118073490128,12687.591271367108,2.4654891069894576,369699.9375,149949.9375,11.8186292648315,0.0347592160105705,0.286859422922134,2.13446235656738
South Korea,KOR,1975,33388.76010915986,13426.605384900784,2.4867611099010927,402465.5,161843.25,12.0539216995239,0.0353230237960815,0.265987634658814,2.17584657669067
South Korea,KOR,1976,34970.355478887424,14338.976753956855,2.438832008653429,447059.4375,183308.828125,12.7839546203613,0.0361830666661263,0.283973902463913,2.21803307533264
South Korea,KOR,1977,38761.97859682629,15679.103706260388,2.4722062767752035,509268.3125,205997.5,13.1383466720581,0.0373951569199562,0.326716214418411,2.26103758811951
South Korea,KOR,1978,43602.11041797444,16721.882491093485,2.607488148609947,596594.0625,228800.296875,13.6826877593994,0.0388379245996475,0.379998058080673,2.30487585067749
South Korea,KOR,1979,49647.437889835914,17968.367557050562,2.763046655863564,687419.5,248790.40625,13.8460216522217,0.040231816470623,0.409738153219223,2.34956431388855
South Korea,KOR,1980,54587.813936094724,17647.058226405366,3.093309561047107,757855.1875,244998.171875,13.8832302093506,0.0409422889351845,0.362189590930939,2.39511895179749
South Korea,KOR,1981,57825.9936398297,18523.670107635782,3.1217352340988196,821445.3125,263137.40625,14.2054681777954,0.0412169732153416,0.341974943876267,2.44942378997803
South Korea,KOR,1982,61439.56623681355,19612.664740908607,3.1326475544478822,894122.125,285420.59375,14.5528717041016,0.0413343720138073,0.33844855427742,2.50495982170105
South Korea,KOR,1983,67004.08440705085,22088.990269351096,3.0333701808008997,982380.0625,323857.625,14.6614952087402,0.0411798618733883,0.331109136343002,2.56117534637451
South Korea,KOR,1984,74242.64245543919,24587.352533247395,3.0195460188341605,1081918.625,358305.0625,14.5727386474609,0.0411289855837822,0.319666028022766,2.6001284122467
South Korea,KOR,1985,78506.69476940273,25604.880824595188,3.066083193560184,1185808.25,386750.1875,15.104549407959,0.0413143485784531,0.315530061721802,2.63967394828796
South Korea,KOR,1986,83632.93834526005,27580.045149742626,3.0323713355502067,1307673.75,431238.0,15.6358699798584,0.0417545586824417,0.319821149110794,2.6798210144043
South Korea,KOR,1987,88366.7812167551,29533.96072757501,2.992039639784906,1456627.0,486834.125,16.4838752746582,0.0424439050257206,0.330503791570663,2.72057843208313
South Korea,KOR,1988,95637.82280047341,32102.104398773386,2.9791761191869934,1626340.25,545902.6875,17.005199432373,0.0431212745606899,0.358411014080048,2.76195597648621
South Korea,KOR,1989,103305.82630974293,33127.704980142364,3.1184118058183388,1824322.75,585016.625,17.6594371795654,0.0436811037361622,0.388743042945862,2.80396270751953
South Korea,KOR,1990,114432.11318889982,35390.96180864647,3.2333711021366645,2081204.375,643663.9375,18.1872406005859,0.0440799929201603,0.40949285030365,2.84660840034485
South Korea,KOR,1991,126750.79439633196,38108.12935299574,3.326082821390651,2373699.75,713662.25,18.7272968292236,0.0443603023886681,0.448530226945877,2.87941026687622
South Korea,KOR,1992,139368.5721356398,39788.79945285776,3.5027086529907834,2658525.0,758991.1875,19.0754985809326,0.0446450784802437,0.440316498279572,2.91259026527405
South Korea,KOR,1993,153362.3334736337,42056.92828055704,3.6465414794578153,2961285.0,812080.4375,19.3090763092041,0.0447342582046986,0.442677736282349,2.94615244865418
South Korea,KOR,1994,166185.0809307428,44573.889230420566,3.7283056022252063,3311433.5,888187.25,19.9261779785156,0.0450517535209656,0.468855977058411,2.9801013469696
South Korea,KOR,1995,180799.0277728098,47548.46364850568,3.802415764878069,3706063.5,974660.25,20.4982490539551,0.0456867106258869,0.47804856300354,3.01444125175476
South Korea,KOR,1996,196996.9909629986,50243.561175138726,3.920840528725812,4126841.0,1052539.875,20.948751449585,0.0461880564689636,0.501343965530396,3.0491771697998
South Korea,KOR,1997,212001.7788566129,52463.91664472102,4.040906444180711,4520410.0,1118662.375,21.322509765625,0.0463029034435749,0.428935945034027,3.08431339263916
South Korea,KOR,1998,237840.3535219876,53036.51834037047,4.484463930976926,4768835.0,1063412.5,20.0505714416504,0.045565702021122,0.307016730308533,3.11985421180725
South Korea,KOR,1999,247766.34163355516,58169.384346653525,4.259394257244002,5055696.0,1186951.875,20.4050960540772,0.0448276214301586,0.309358358383179,3.15580463409424
South Korea,KOR,2000,254305.6870487604,60973.76466994,4.170739471727794,5406002.5,1296173.625,21.2578907012939,0.0450460575520992,0.332385927438736,3.1921694278717
South Korea,KOR,2001,265035.3172663703,62615.328117355166,4.232754586379148,5745667.0,1357429.75,21.6788730621338,0.045466598123312,0.331279098987579,3.21872901916504
South Korea,KOR,2002,274416.008167788,65655.76443700481,4.179617898304784,6112896.5,1462549.125,22.2760200500488,0.0457127913832665,0.334913194179535,3.2455096244812
South Korea,KOR,2003,291926.8630304124,67699.16363969028,4.312119195210607,6500600.0,1507518.625,22.2679061889648,0.0458621494472027,0.356116086244583,3.27251291275024
South Korea,KOR,2004,304018.54102979845,69909.0379121874,4.348773064387977,6895688.0,1585662.875,22.6818008422852,0.0458993688225746,0.368964046239853,3.29974102973938
South Korea,KOR,2005,319161.33839357644,72478.12527951768,4.403553998709337,7286868.5,1654769.875,22.8313007354736,0.0459666438400745,0.377442181110382,3.32719564437866
South Korea,KOR,2006,331575.5378761456,75105.87602271349,4.414774920884628,7688607.0,1741562.625,23.1881008148193,0.046163521707058,0.379900246858597,3.35487866401672
South Korea,KOR,2007,344008.20732097735,78235.39258767413,4.397091852456241,8105177.0,1843304.0,23.560998916626,0.0465740598738194,0.379969984292984,3.3827919960022
South Korea,KOR,2008,357339.5963458192,79861.87019752261,4.474470676206431,8495607.0,1898684.25,23.7746028900147,0.0470747239887714,0.390579283237457,3.41093754768372
South Korea,KOR,2009,374565.50018250203,80812.69533982137,4.634983384818878,8872521.0,1914250.875,23.6875019073486,0.0474284887313843,0.341130524873734,3.43931722640991
South Korea,KOR,2010,386209.7507482843,85212.24445209518,4.532326935308042,9281741.0,2047897.5,24.032901763916,0.0478986501693726,0.355040580034256,3.467933177948
South Korea,KOR,2011,394647.3643214303,86576.3909404478,4.558371630354647,9679358.0,2123424.5,24.5265998840332,0.0486392267048359,0.351197630167007,3.49225950241089
South Korea,KOR,2012,402659.9799131833,87257.9612538012,4.614593031138947,10048379.0,2177522.25,24.9549980163574,0.0493796057999134,0.340111196041107,3.51675653457642
South Korea,KOR,2013,411664.8343082103,88903.7299537163,4.6304562758224534,10414791.0,2249193.25,25.2992000579834,0.0499462820589542,0.341162115335465,3.54142546653748
South Korea,KOR,2014,416731.20978993323,89643.14381862574,4.648779505470069,10792130.0,2321497.5,25.8971004486084,0.0503950230777264,0.337840616703033,3.56626725196838
South Korea,KOR,2015,426551.8280941734,91028.97786619327,4.685890560269469,11195962.0,2389292.25,26.2476005554199,0.050788763910532,0.320258378982544,3.59128332138062
South Korea,KOR,2016,440020.86354450305,93140.98416654134,4.724245373634027,11645592.0,2465069.25,26.4659996032715,0.0510403588414192,0.32539775967598,3.62420678138733
South Korea,KOR,2017,454457.93268124206,95184.57870258219,4.774491192541396,12173519.0,2549699.75,26.7868995666504,0.0513227134943008,0.35103115439415,3.65777683258057
South Korea,KOR,2018,471618.2056410773,98078.48721712103,4.808579526691043,12649840.0,2630681.25,26.8222045898438,0.0516657829284668,0.347224324941635,3.69200992584229
South Korea,KOR,2019,482163.68014802365,99218.27777909818,4.8596255744483265,13079924.0,2691549.75,27.1275596618652,0.0519371628761292,0.343030571937561,3.72692227363586
South Korea,KOR,2020,502124.59356997604,99278.65391172202,5.057729670836011,13517808.0,2672702.75,26.9212226867676,0.0521524734795094,0.344289779663086,3.76253128051758
South Korea,KOR,2021,512391.66041303036,102431.87494291132,5.002267709134517,13986308.0,2795993.5,27.2961273193359,0.0524390749633312,0.34692770242691,3.79885363578796
South Korea,KOR,2022,513339.9511168095,102136.5665297648,5.026015349431305,14436004.0,2872256.25,28.1217231750488,0.0528405494987965,0.341441184282303,3.83590793609619
South Korea,KOR,2023,523109.24403985345,102411.05199086505,5.107937413693535,14877307.0,2912586.0,28.4401531219482,0.0531527064740658,0.334505021572113,3.87371253967285
Spain,ESP,1950,62400.41763132102,13911.168571216758,4.485634496618215,725069.875,161642.65625,11.619631767273,0.0268262457102537,0.148271396756172,1.8716995716095
Spain,ESP,1951,65095.5278257552,16198.500645832215,4.018614392098316,758898.5,188845.8125,11.6582279205322,0.0272811185568571,0.154295951128006,1.87107384204865
Spain,ESP,1952,67135.5835599796,16909.875910807776,3.970199658122303,785795.75,197923.484375,11.7046089172363,0.0278478376567364,0.137908682227135,1.87044835090637
Spain,ESP,1953,69148.92038492694,16216.789457299317,4.26403269074955,814487.875,191013.515625,11.7787504196167,0.0284580886363983,0.150975778698921,1.86982309818268
Spain,ESP,1954,72302.9282595554,18320.61654066934,3.946533573204399,857941.25,217391.09375,11.8659267425537,0.0291222147643566,0.169288113713264,1.86919808387756
Spain,ESP,1955,75467.54701844077,19179.206814738747,3.9348627786028056,907008.25,230505.6875,12.0185203552246,0.0296623725444078,0.177812814712524,1.86857318878174
Spain,ESP,1956,78890.07055305166,20351.437700203853,3.876388082020439,962620.0,248329.109375,12.2020425796509,0.0301148965954781,0.186776697635651,1.88297069072723
Spain,ESP,1957,82425.66065409538,20937.059383326796,3.9368308196964352,1020694.4375,259268.046875,12.3832120895386,0.0306498501449823,0.191919833421707,1.8974791765213
Spain,ESP,1958,86035.86531700383,21446.08142257186,4.011728931815565,1085497.25,270580.90625,12.6167993545532,0.0311789829283953,0.200611367821693,1.91209936141968
Spain,ESP,1959,89977.40873782463,21114.507707462573,4.261402159332543,1121714.375,263226.59375,12.4666223526001,0.0313358940184116,0.161314100027084,1.92683231830597
Spain,ESP,1960,94793.96534087614,23837.705375556303,3.976639691087042,1168611.875,293869.1875,12.3279142379761,0.0313788652420044,0.163752987980843,1.94167864322662
Spain,ESP,1961,99234.77881612476,26456.772008537897,3.750827152462159,1243904.625,331634.75,12.534966468811,0.0317149423062801,0.189096957445145,1.95259690284729
Spain,ESP,1962,106556.9643322253,29105.27188825675,3.661088092264768,1344088.75,367128.21875,12.6138048171997,0.0321865566074848,0.20769539475441,1.96357643604279
Spain,ESP,1963,114455.00606111978,31815.189088873412,3.597495703746976,1453337.0,403985.75,12.6978893280029,0.0325178578495979,0.209799543023109,1.97461771965027
Spain,ESP,1964,122844.24329707364,33354.340646056145,3.683006197023981,1568090.875,425763.84375,12.7648706436157,0.0325592420995235,0.214395776391029,1.9857212305069
Spain,ESP,1965,132656.1275638056,35478.44507032225,3.739062613958034,1706229.5,456325.46875,12.8620481491089,0.0325945802032948,0.232835441827774,1.99688708782196
Spain,ESP,1966,143455.03030003858,37883.2762219361,3.7867640976883554,1862722.75,491903.5625,12.984715461731,0.032837525010109,0.24084098637104,2.00811553001404
Spain,ESP,1967,153858.24123274517,39156.69798462248,3.9292956033516413,2011165.75,511838.75,13.0715503692627,0.0328883565962315,0.229780033230782,2.01940751075745
Spain,ESP,1968,164824.14503627032,41308.250689789325,3.99010227458051,2169864.75,543811.8125,13.1647262573242,0.0325290337204933,0.229037284851074,2.03076267242432
Spain,ESP,1969,177825.33019800956,44806.733660626574,3.9687188882119204,2362908.75,595383.25,13.2878074645996,0.0322443582117558,0.245298445224762,2.04218173027039
Spain,ESP,1970,189476.4647603327,46083.64848405272,4.111576904027058,2543293.5,618568.875,13.4227409362793,0.0321883037686348,0.234240874648094,2.05366516113281
Spain,ESP,1971,200020.90256349207,47834.86150820381,4.181488066589008,2706798.75,647329.0625,13.5325794219971,0.0320517122745514,0.22052638232708,2.0684175491333
Spain,ESP,1972,211859.4421055886,51093.19223469745,4.146529759432697,2902922.25,700084.75,13.7021141052246,0.0319899395108223,0.235460788011551,2.08327579498291
Spain,ESP,1973,222499.46557832332,53657.68846643281,4.146646490698432,3129103.5,754610.625,14.0634202957153,0.0321947410702705,0.250331580638886,2.09824109077454
Spain,ESP,1974,237391.6394287251,56242.59833239906,4.220851213624914,3364063.0,797010.5625,14.1709413528442,0.0325299017131329,0.273249328136444,2.11331367492676
Spain,ESP,1975,255957.42949580264,57479.55796387962,4.453016664753186,3568344.75,801332.0,13.941164970398,0.0327550694346428,0.264025926589966,2.12849450111389
Spain,ESP,1976,272983.207852229,60108.953308486925,4.541473321806884,3759460.0,827806.25,13.7717628479004,0.0327788293361664,0.259615451097488,2.14378452301025
Spain,ESP,1977,288905.88312209444,62435.90620357495,4.627239367361858,3939188.25,851304.1875,13.6348495483398,0.0327065773308277,0.250205516815186,2.159184217453
Spain,ESP,1978,309830.66977452853,65214.74750371182,4.750929531037346,4103657.25,863758.8125,13.2448387145996,0.0325693674385548,0.241025507450104,2.17469453811646
Spain,ESP,1979,327872.9094252427,66696.91540408843,4.915863161569005,4247884.0,864117.625,12.955885887146,0.032347958534956,0.247766271233559,2.19031643867493
Spain,ESP,1980,346526.8636792306,69710.90709075125,4.970913134556032,4390328.5,883203.625,12.6695184707642,0.0321112759411335,0.261830687522888,2.20605039596558
Spain,ESP,1981,365646.0798966758,71305.6833289552,5.127867272652549,4522952.0,882033.75,12.3697538375855,0.0318765416741371,0.238678723573685,2.22753047943115
Spain,ESP,1982,379453.37915188377,72816.17645195303,5.211113761270643,4653670.5,893028.0,12.2641429901123,0.0316491276025772,0.236496686935425,2.24921941757202
Spain,ESP,1983,390739.36793780397,74354.53332714365,5.2550846660369235,4776007.5,908835.5,12.2230005264282,0.0314090810716152,0.220551788806915,2.27111959457397
Spain,ESP,1984,408305.0770752201,77402.06017739313,5.275118984423028,4879777.5,925055.4375,11.9513025283813,0.0310413129627705,0.208413332700729,2.29323315620422
Spain,ESP,1985,422600.418310757,80037.27049412216,5.280045355142293,4997721.0,946529.9375,11.826114654541,0.0307091027498245,0.211486905813217,2.31556224822998
Spain,ESP,1986,425256.2900839137,80850.11451767062,5.259810609061903,5140537.5,977323.6875,12.0880928039551,0.030601017177105,0.226524174213409,2.33810830116272
Spain,ESP,1987,420098.65574037406,81552.47851464825,5.151267789671371,5313723.0,1031536.9375,12.6487503051758,0.0307505391538143,0.24530354142189,2.36087393760681
Spain,ESP,1988,422577.46070261125,82960.97662016949,5.093689562471642,5522002.0,1084086.875,13.0674314498901,0.0311545729637146,0.270821481943131,2.38386154174805
Spain,ESP,1989,426487.2761818265,84104.03693913782,5.070948930673275,5762707.5,1136416.0,13.5120267868042,0.031711183488369,0.290034532546997,2.40707278251648
Spain,ESP,1990,429774.9633918773,84260.47191700239,5.100552532096082,6015533.0,1179388.5,13.9969367980957,0.0322598963975906,0.295562595129013,2.4305100440979
Spain,ESP,1991,441612.1901629472,85304.6112675087,5.1768853242655934,6261006.0,1209415.625,14.1776113510132,0.0326787978410721,0.295294135808945,2.45371913909912
Spain,ESP,1992,463069.86920975,87287.72508658339,5.305097237331099,6475687.5,1220653.875,13.9842557907105,0.0329505875706673,0.289972066879272,2.47714948654175
Spain,ESP,1993,488665.30532939493,88860.91078936923,5.4992155829653715,6643397.5,1208062.75,13.5949850082397,0.0329264104366303,0.260856419801712,2.50080394744873
Spain,ESP,1994,503389.01728923677,91377.39543767818,5.50890091447793,6813702.0,1236853.25,13.5356588363647,0.0327058024704456,0.264971315860748,2.52468395233154
Spain,ESP,1995,507872.42864984315,92094.6054987497,5.514681624394798,7008937.0,1270959.5,13.8005857467651,0.0326177477836609,0.278194844722748,2.54879212379456
Spain,ESP,1996,514496.9660363052,93108.10221607333,5.525802307111004,7206190.5,1304098.5,14.0062837600708,0.0326816737651825,0.27001029253006,2.56882691383362
Spain,ESP,1997,510187.57348470856,92927.90971230876,5.490143650752231,7416528.0,1350880.5,14.536865234375,0.032866545021534,0.256936341524124,2.58531641960144
Spain,ESP,1998,504647.43846221874,92794.97105002934,5.438305899035669,7662546.5,1408995.125,15.1839599609375,0.0332199856638908,0.259453624486923,2.6019115447998
Spain,ESP,1999,499741.76323129295,92581.27834148692,5.397870629826375,7940892.5,1471115.75,15.8899917602539,0.0336950123310089,0.269452512264252,2.61861324310303
Spain,ESP,2000,493202.3938008186,92618.81703372861,5.32507766344296,8241214.0,1547623.25,16.7095985412598,0.0341637246310711,0.265869170427322,2.63542246818543
Spain,ESP,2001,494894.35290742316,93116.85068490928,5.314766868373339,8547612.0,1608276.0,17.2715892791748,0.0345014594495297,0.250739365816116,2.65172410011292
Spain,ESP,2002,502112.94629986596,93620.88144076293,5.363258052826277,8863274.0,1652591.375,17.6519527435303,0.0346668139100075,0.244751930236816,2.66812658309937
Spain,ESP,2003,505299.23793100327,93373.23725177423,5.4116067173348625,9206040.0,1701165.75,18.2189865112305,0.0347674265503883,0.267911106348038,2.68463063240051
Spain,ESP,2004,505289.9250944411,92678.31564847709,5.452083602932248,9563767.0,1754149.0,18.9272861480713,0.0348853133618832,0.295910984277725,2.70123672485352
Spain,ESP,2005,505339.6305023739,92231.38287416147,5.479042108604709,9952367.0,1816442.875,19.6944122314453,0.0350442752242088,0.318471848964691,2.71794581413269
Spain,ESP,2006,505471.37294984516,92081.55975365521,5.489387607053216,10374336.0,1889889.5,20.5240821838379,0.035267811268568,0.343716025352478,2.73475813865662
Spain,ESP,2007,510697.6725492454,92461.59230995171,5.523349315002859,10807365.0,1956668.75,21.1619625091553,0.0355477333068848,0.367256641387939,2.75167417526245
Spain,ESP,2008,528687.7436970344,93170.13578497144,5.674433542924095,11188165.0,1971679.625,21.1621417999268,0.0357905626296997,0.351256430149078,2.76869511604309
Spain,ESP,2009,576186.4820522921,95668.00295435521,6.022771086035947,11427511.0,1897384.25,19.8330078125,0.0356782972812653,0.296164155006409,2.78582119941711
Spain,ESP,2010,597056.3327317375,97506.88581638156,6.123222249719614,11629040.0,1899170.0,19.4772911071777,0.0353942029178143,0.286166369915009,2.80305314064026
Spain,ESP,2011,620024.3817902935,99327.99496241922,6.2421916603157035,11779121.0,1887016.875,18.9978351593018,0.0352585352957249,0.262567579746246,2.82275176048279
Spain,ESP,2012,653434.5332668641,100791.43294274747,6.483036446540396,11883093.0,1832951.75,18.1855907440186,0.0351593419909477,0.245542362332344,2.84258842468262
Spain,ESP,2013,672478.5623436454,101562.24354896456,6.621344102342857,11963375.0,1806789.5,17.7899723052979,0.035103902220726,0.241378039121628,2.8625648021698
Spain,ESP,2014,670922.9069562859,102029.09910298132,6.575799579285723,12061736.0,1834261.5,17.9778270721436,0.0351285077631474,0.24624302983284,2.88268136978149
Spain,ESP,2015,658435.1842589566,103166.36216092944,6.382266181217693,12182141.0,1908748.5,18.5016555786133,0.0352773666381836,0.251672148704529,2.90293955802918
Spain,ESP,2016,651013.36105324,103938.23544503437,6.2634636644136155,12303894.0,1964391.375,18.8996028900147,0.0355149582028389,0.252932906150818,2.92333984375
Spain,ESP,2017,641472.2984281606,104094.56570476457,6.162399488245326,12455941.0,2021281.0,19.4177379608154,0.0358178466558456,0.261575877666473,2.94388365745544
Spain,ESP,2018,636742.8058109764,104270.91144040489,6.106619737134466,12638864.0,2069698.875,19.8492450714111,0.0362006947398186,0.279063254594803,2.96457171440125
Spain,ESP,2019,630706.0452372833,103641.83199354837,6.085438988347334,12842038.0,2110289.5,20.3613681793213,0.03663070499897,0.273746371269226,2.9854052066803
Spain,ESP,2020,666842.9110252422,96578.93230290561,6.904641572696077,12976737.0,1879422.25,19.4599609375,0.0368950627744198,0.273001343011856,3.00638508796692
Spain,ESP,2021,656800.0904683714,100324.69311963554,6.546744077105206,13126397.0,2005026.75,19.9853763580322,0.0370894335210323,0.287335246801376,3.02822971343994
Spain,ESP,2022,647451.731458453,103672.16687128617,6.2451837460125095,13295520.0,2128923.75,20.5351524353027,0.0373952947556973,0.287034600973129,3.05045986175537
Spain,ESP,2023,643610.5076954472,104452.5601064694,6.161749477843428,13468885.0,2185886.5,20.927074432373,0.0376107729971409,0.270207703113556,3.07308387756348
Taiwan,TWN,1951,16807.80713684884,3863.3594146955957,4.350567817458209,44700.6015625,10274.6591796875,2.65951418876648,0.0258738771080971,0.136572152376175,1.45118296146393
Taiwan,TWN,1952,16895.35538513345,4205.253454620069,4.017678260645979,46235.4375,11507.9990234375,2.736576795578,0.0261682886630297,0.159682273864746,1.46479260921478
Taiwan,TWN,1953,17290.855064754574,4482.291694258381,3.857592554028423,48607.83984375,12600.5634765625,2.81118774414063,0.0266730356961489,0.15872398018837,1.47852993011475
Taiwan,TWN,1954,17672.28223014059,4775.470011255083,3.700637254236675,51125.69140625,13815.375,2.89298748970032,0.027071014046669,0.152148842811584,1.49239599704742
Taiwan,TWN,1955,17780.630166595332,5000.078361035139,3.5560703018490902,52919.37890625,14881.4208984375,2.97623753547668,0.0273011438548565,0.119612380862236,1.50639224052429
Taiwan,TWN,1956,18087.594478651714,5166.70123368429,3.500801316075663,55312.0078125,15799.8134765625,3.05800795555115,0.0276876017451286,0.136382669210434,1.52202343940735
Taiwan,TWN,1957,18367.87575535089,5436.4391463111115,3.378659313755841,57552.3203125,17034.0703125,3.13331389427185,0.0282850712537766,0.12867134809494,1.53781688213348
Taiwan,TWN,1958,18818.057435391875,5711.082449571064,3.2950071377108596,60436.1328125,18341.73046875,3.21160316467285,0.0290410816669464,0.129321590065956,1.55377423763275
Taiwan,TWN,1959,19494.236417636585,6042.553709470548,3.2261585672102666,64384.875,19957.1328125,3.30276465415955,0.0299395509064198,0.150197759270668,1.56989717483521
Taiwan,TWN,1960,20413.597817349655,6300.643922299538,3.239922469686135,69314.4140625,21393.849609375,3.3955020904541,0.0308884456753731,0.180106431245804,1.5861873626709
Taiwan,TWN,1961,21169.165029816777,6507.450341728775,3.253065934913144,74500.4453125,22901.609375,3.51929068565369,0.0319559164345264,0.178542047739029,1.59210324287415
Taiwan,TWN,1962,21878.541586017724,6855.857007054294,3.1912190647363166,79608.4375,24946.08984375,3.63865375518799,0.032906249165535,0.161439716815949,1.59804105758667
Taiwan,TWN,1963,22840.42433145125,7334.499791172477,3.1141079803344067,86027.8046875,27625.18359375,3.76647138595581,0.0336700156331062,0.176065847277641,1.60400104522705
Taiwan,TWN,1964,24400.27615070614,8165.640038638749,2.9881645572480786,92974.265625,31114.171875,3.81037759780884,0.0345719829201698,0.181715905666351,1.60998320579529
Taiwan,TWN,1965,26805.78168524921,9087.25319888491,2.949822250857776,102690.6640625,34812.4921875,3.83091473579407,0.0358406230807304,0.212292671203613,1.61598765850067
Taiwan,TWN,1966,29313.647209631203,9711.032623385305,3.0185921875126343,115203.8515625,38164.76171875,3.93004155158997,0.0374962575733662,0.204509824514389,1.62390124797821
Taiwan,TWN,1967,31616.03381239844,10257.826026327157,3.082137845899756,130748.453125,42421.3515625,4.13551092147827,0.0392888486385345,0.239039823412895,1.63185358047485
Taiwan,TWN,1968,34614.15318685717,10766.994226894285,3.2148390216831704,149622.953125,46541.3515625,4.32259464263916,0.0408850647509098,0.248867243528366,1.63984489440918
Taiwan,TWN,1969,37871.88471550512,11344.72412564273,3.3382816801955078,170269.1875,51005.0390625,4.49592590332031,0.0424076020717621,0.24991212785244,1.64787530899048
Taiwan,TWN,1970,41475.920522177345,12138.659061333366,3.4168453296703296,194333.078125,56875.0,4.68544340133667,0.0442576333880425,0.275456517934799,1.65594506263733
Taiwan,TWN,1971,46267.574860937704,13293.965379862455,3.4803441666113626,224520.15625,64510.90625,4.85264587402344,0.046183418482542,0.290854126214981,1.67161536216736
Taiwan,TWN,1972,51207.5215554122,14466.071062359675,3.5398361680009147,260037.609375,73460.3515625,5.0781135559082,0.0477738715708256,0.291956007480621,1.68743395805359
Taiwan,TWN,1973,54557.79995576806,15159.033231869611,3.5990289830006046,298311.5625,82886.6796875,5.46780776977539,0.0491087026894093,0.309328347444534,1.70340216159821
Taiwan,TWN,1974,60493.51433372704,15104.907147540167,4.004891505975157,340802.21875,85096.4921875,5.63369846343994,0.0502516962587833,0.402977824211121,1.71696305274963
Taiwan,TWN,1975,68882.4307446364,15942.700569113613,4.320625006160179,390416.46875,90361.109375,5.6678671836853,0.0507843494415283,0.349895924329758,1.72919535636902
Taiwan,TWN,1976,75397.39165196668,17742.941561833082,4.249430196746763,438825.34375,103266.8671875,5.82016611099243,0.0506752282381058,0.350315302610397,1.7674241065979
Taiwan,TWN,1977,79119.3963364263,18714.795205275343,4.227638906469255,486377.4375,115047.0625,6.147385597229,0.0500402264297009,0.330496698617935,1.80649816989899
Taiwan,TWN,1978,84264.66564464566,20327.951779917756,4.145260996136946,541547.875,130642.6484375,6.42674922943115,0.0491755604743958,0.326355546712875,1.84643602371216
Taiwan,TWN,1979,91008.31881545081,21371.13087194446,4.258469959347097,605482.5,142183.109375,6.65304565429688,0.0485718250274658,0.361300349235535,1.88725674152374
Taiwan,TWN,1980,100273.70465359073,22619.8005390703,4.4330056969508576,680966.75,153612.875,6.79107999801636,0.0483427606523037,0.369294166564941,1.92898011207581
Taiwan,TWN,1981,109117.2622151321,23773.681998580843,4.589834347983867,755116.75,164519.390625,6.92023181915283,0.0482772551476955,0.356544554233551,1.96863758563995
Taiwan,TWN,1982,116327.57371287524,24329.00222233106,4.781436273046196,824477.625,172433.046875,7.08755111694336,0.0481898449361324,0.325060397386551,2.00911045074463
Taiwan,TWN,1983,120596.08462402642,25507.714865053353,4.727827845890192,888794.625,187992.171875,7.3700122833252,0.0481216907501221,0.303517013788223,2.05041551589966
Taiwan,TWN,1984,125683.53659919999,27192.030030292775,4.622072587415672,956229.6875,206883.3125,7.60823345184326,0.0479511357843876,0.281687319278717,2.09256958961487
Taiwan,TWN,1985,131215.19830977404,28056.276634259735,4.676857161778416,1014077.75,216828.890625,7.728355884552,0.0473689660429955,0.253290265798569,2.13559031486511
Taiwan,TWN,1986,134435.76914221575,29990.6074266001,4.482595741724732,1083847.875,241790.234375,8.06219863891602,0.0466121658682823,0.240434378385544,2.1775016784668
Taiwan,TWN,1987,141205.49462485698,32714.959190661484,4.316236306514,1176694.5,272620.5,8.33320617675781,0.0462717413902283,0.259234428405762,2.22023582458496
Taiwan,TWN,1988,152556.44734964287,34915.49847352335,4.369304578748243,1286738.625,294495.0625,8.43450832366943,0.0463619716465473,0.305540174245834,2.26380848884583
Taiwan,TWN,1989,164466.613052216,37254.71322389001,4.4146525048742,1413486.75,320180.75,8.59436893463135,0.0467274002730846,0.277634054422379,2.30823636054993
Taiwan,TWN,1990,179853.30273511002,39261.6649568998,4.580888327903242,1547983.375,337922.09375,8.6069221496582,0.0472240597009659,0.256106615066528,2.3535361289978
Taiwan,TWN,1991,194423.38975016293,41989.212690582804,4.6303175813955555,1695678.875,366212.21875,8.72157859802246,0.0476748608052731,0.269294202327728,2.39670777320862
Taiwan,TWN,1992,208574.33398667755,44432.45931103047,4.6941883753640985,1861927.375,396645.21875,8.92692470550537,0.0482437647879124,0.280705273151398,2.44067144393921
Taiwan,TWN,1993,226050.3550999994,46927.375531474965,4.817025297917709,2040841.0,423672.46875,9.02825832366943,0.0487179011106491,0.281038194894791,2.48544144630432
Taiwan,TWN,1994,242246.19129521362,49377.3002213572,4.90602341985548,2234498.5,455460.21875,9.22408103942871,0.0488918162882328,0.282732576131821,2.53103280067444
Taiwan,TWN,1995,261733.5049980914,52137.74920853476,5.020038436090497,2435012.0,485058.4375,9.30340194702148,0.0489970147609711,0.273805141448975,2.57173633575439
Taiwan,TWN,1996,285912.37566416856,55957.73336358995,5.1094345406456965,2631454.75,515018.78125,9.20371055603027,0.0491385459899902,0.256577879190445,2.60296702384949
Taiwan,TWN,1997,305533.1950157718,58610.56909108417,5.2129368431989755,2847224.0,546184.25,9.31886959075928,0.0495736449956894,0.266092211008072,2.63457679748535
Taiwan,TWN,1998,328362.58344243444,60832.66740737148,5.397800185935044,3072160.0,569150.375,9.35599899291992,0.0503067076206207,0.26751035451889,2.66657042503357
Taiwan,TWN,1999,350628.3554171238,64692.59265708095,5.419915032246674,3292412.75,607465.75,9.39003562927246,0.0510550551116467,0.261450380086899,2.69895267486572
Taiwan,TWN,2000,369439.99942379823,67743.19269024157,5.453536875846364,3522021.25,645823.3125,9.53340530395508,0.0518939085304737,0.267585277557373,2.73172807693481
Taiwan,TWN,2001,392173.0215229867,68308.65384383623,5.741190895366679,3655829.25,636771.9375,9.3219804763794,0.0524253472685814,0.220950707793236,2.77324509620667
Taiwan,TWN,2002,402326.3207504699,71444.5621139381,5.631307811906655,3782413.25,671675.8125,9.40135669708252,0.052430521696806,0.220179796218872,2.81539297103882
Taiwan,TWN,2003,409811.9261495005,73526.5071151366,5.5736623733229695,3901851.75,700051.6875,9.52107906341553,0.0523935183882713,0.220707133412361,2.85818147659302
Taiwan,TWN,2004,416651.37090493814,76905.50883728328,5.417705144978487,4056326.25,748716.6875,9.73554039001465,0.0527130626142025,0.24435305595398,2.90162038803101
Taiwan,TWN,2005,424390.3132440793,79662.22687715405,5.327371953818531,4203420.0,789023.1875,9.90460872650147,0.0532840080559254,0.232721835374832,2.94571924209595
Taiwan,TWN,2006,430834.14855241915,82772.57248794654,5.20503514150364,4343885.5,834554.5,10.0825004577637,0.0537483207881451,0.233763456344605,2.97183918952942
Taiwan,TWN,2007,436066.90234865394,86795.17448134131,5.024091546038621,4480114.0,891726.1875,10.2739143371582,0.0542128048837185,0.233091086149216,2.99819040298462
Taiwan,TWN,2008,439026.51738477655,86481.81412508167,5.076518361996861,4563039.0,898852.0625,10.3935384750366,0.0545832887291908,0.240063846111298,3.02477526664734
Taiwan,TWN,2009,448352.173605167,86038.08768883947,5.211089479657572,4608447.5,884353.9375,10.2786331176758,0.0546572804450989,0.200718075037003,3.05159616470337
Taiwan,TWN,2010,448651.5725198709,92913.98703827888,4.828676357791368,4707766.0,974959.9375,10.4931449890137,0.0548872761428356,0.257575392723084,3.07865476608276
Taiwan,TWN,2011,447630.44817939546,94387.75820498305,4.742462970751683,4793588.5,1010780.375,10.7088079452515,0.0552551709115505,0.245231196284294,3.10699677467346
Taiwan,TWN,2012,448342.31165606016,95141.99907494681,4.712349078380039,4868964.0,1033235.0,10.8599252700806,0.0554392486810684,0.228246465325356,3.13596105575562
Taiwan,TWN,2013,452460.09990167536,96551.51614565185,4.6862039868863485,4962205.0,1058896.5,10.9671659469605,0.0556525103747845,0.228074610233307,3.1655650138855
Taiwan,TWN,2014,456906.3162752312,100090.245266615,4.564943517304297,5061921.5,1108868.375,11.078685760498,0.0559752024710178,0.22313666343689,3.19582605361938
Taiwan,TWN,2015,460945.92394146573,100477.0214010763,4.587575522382355,5161581.0,1125121.75,11.1978015899658,0.0562955252826214,0.21575602889061,3.22676253318787
Taiwan,TWN,2016,467577.85182530445,102020.19105381709,4.583189337281779,5268292.5,1149481.75,11.2671985626221,0.0566626526415348,0.208335921168327,3.25839352607727
Taiwan,TWN,2017,472698.7119496889,104620.33235487423,4.518229882373968,5365603.0,1187545.375,11.3509998321533,0.057071965187788,0.197713524103165,3.29073810577393
Taiwan,TWN,2018,478270.5989776712,106745.9186889051,4.4804579402376845,5469024.5,1220639.625,11.4350004196167,0.0574653446674347,0.213012203574181,3.32381677627563
Taiwan,TWN,2019,487736.5652173913,109394.71739130435,4.458501990299587,5608970.5,1258039.25,11.5,0.0580572560429573,0.22365015745163,3.35765051841736
Taiwan,TWN,2020,500986.7563668791,113060.19930268374,4.4311504796276004,5763351.5,1300644.5,11.503999710083,0.0588141493499279,0.234800979495049,3.39226031303406
Taiwan,TWN,2021,515193.014567988,119672.244533969,4.3050334400785,5970017.5,1386752.875,11.5879240036011,0.0598368719220161,0.27006471157074,3.42766976356506
Taiwan,TWN,2022,528121.2884221042,121301.65486971017,4.353784694770719,6193902.0,1422647.75,11.7281808853149,0.0612089335918427,0.277147978544235,3.46390080451965
Taiwan,TWN,2023,542977.6641078319,123188.6371893498,4.4076927588153785,6350817.5,1440848.5,11.6962776184082,0.0622629299759865,0.241250529885292,3.5009777545929
Thailand,THA,1950,7859.55332374213,3617.1610476455526,2.172851366089435,68703.625,31619.109375,8.74141597747803,0.0404909215867519,0.0937286391854286,1.2117041349411
Thailand,THA,1951,7915.618150088299,3368.7272020528285,2.349735575283358,70845.890625,30150.580078125,8.95013999938965,0.0406276695430279,0.102541029453278,1.2247679233551
Thailand,THA,1952,7988.125431816172,3206.199333066282,2.4914625080957284,73218.4140625,29387.724609375,9.16590690612793,0.0407274477183819,0.109050557017326,1.23797249794006
Thailand,THA,1953,8052.176467202494,2824.773819615837,2.85055617950239,75647.4140625,26537.7734375,9.39465427398682,0.0408007800579071,0.118814311921597,1.25131940841675
Thailand,THA,1954,8120.374157251791,3016.176573855533,2.692274128656745,78273.7109375,29073.455078125,9.63917541503906,0.0408587604761124,0.11367704719305,1.26481020450592
Thailand,THA,1955,8231.145937027293,2724.6355484352493,3.0210080543632407,81478.9296875,26970.775390625,9.8988561630249,0.041009608656168,0.137503936886787,1.27844655513763
Thailand,THA,1956,8249.727631211957,2778.2583006457953,2.9693882780065266,83862.3046875,28242.283203125,10.1654634475708,0.0410402826964855,0.119233980774879,1.2917343378067
Thailand,THA,1957,8442.024109870297,3094.1602541107395,2.7283732633610898,88045.25,32270.236328125,10.4294004440308,0.0412110835313797,0.141488909721375,1.30516028404236
Thailand,THA,1958,8629.342015497146,3077.7065365008198,2.8038222335870353,92259.5625,32904.92578125,10.6913785934448,0.0416256077587605,0.139405503869057,1.31872570514679
Thailand,THA,1959,8933.423415859268,3342.9134514573434,2.6723466059119008,97877.5546875,36626.0703125,10.9563322067261,0.0421383157372475,0.15073461830616,1.33243215084076
Thailand,THA,1960,9294.198198302316,3660.258050957078,2.539219385330519,104339.8671875,41091.31640625,11.2263441085815,0.0428203418850899,0.152580961585045,1.34628105163574
Thailand,THA,1961,9615.952033354482,3751.8014195166866,2.5630226544861285,110877.921875,43260.609375,11.5306234359741,0.0433573797345161,0.148756474256516,1.35476744174957
Thailand,THA,1962,10156.01211273986,3946.690069044287,2.5732986211403204,120306.8671875,46752.00390625,11.8458766937256,0.0440615303814411,0.177819296717644,1.36330735683441
Thailand,THA,1963,10928.147903583633,4165.490384178064,2.6234961302737414,132905.453125,50659.671875,12.1617546081543,0.0454452782869339,0.209443747997284,1.37190103530884
Thailand,THA,1964,11637.419315516481,4327.511984720454,2.6891709038832916,145235.1875,54007.421875,12.480016708374,0.0472006909549236,0.199360832571983,1.38054895401001
Thailand,THA,1965,12425.003426819278,4552.750442783932,2.729120250048582,158981.296875,58253.6796875,12.7952718734741,0.0488032661378384,0.198160827159882,1.38925135135651
Thailand,THA,1966,13617.600482168968,4986.691847638881,2.7307884461753305,178497.21875,65364.71875,13.1078319549561,0.0506334044039249,0.221335589885712,1.3980085849762
Thailand,THA,1967,14845.248968996548,5250.349128679601,2.8274784409870186,199210.65625,70455.234375,13.4191522598267,0.0526817962527275,0.23520427942276,1.40682101249695
Thailand,THA,1968,16162.359942693509,5548.805956427227,2.912763587267368,222006.5625,76218.53125,13.7360239028931,0.054461907595396,0.243644788861275,1.41568899154663
Thailand,THA,1969,17759.269474297165,5889.533310287162,3.0153950302441292,249718.03125,82814.3671875,14.0612783432007,0.0560316517949104,0.264911502599716,1.42461287975311
Thailand,THA,1970,19775.071518853576,7938.603539471736,2.4910012725197106,284790.6875,114327.796875,14.40149974823,0.0579744875431061,0.242043167352676,1.43359303474426
Thailand,THA,1971,21395.798192262686,8087.00466606963,2.6457012300280116,317487.0,120001.078125,14.8387546539307,0.059843011200428,0.225638672709465,1.44579863548279
Thailand,THA,1972,22796.138555623158,8174.355773180076,2.788738242885991,348281.75,124888.6484375,15.2781028747559,0.0610716231167316,0.202543064951897,1.45810806751251
Thailand,THA,1973,24252.17919163423,8722.076644416751,2.780551029342162,381498.03125,137202.3125,15.7304639816284,0.0624611563980579,0.259242027997971,1.47052240371704
Thailand,THA,1974,25422.143433553683,8839.542449093045,2.8759569378120973,411765.71875,143175.203125,16.1971282958984,0.0639870464801788,0.248650416731834,1.48304235935211
Thailand,THA,1975,26348.70417688619,9003.415133433393,2.9265233010352465,439311.25,150113.703125,16.6729736328125,0.0647991970181465,0.246702641248703,1.49566888809204
Thailand,THA,1976,27520.607113173566,9568.794547929776,2.876078797106966,472216.1875,164187.5,17.1586399078369,0.0645876377820969,0.213080272078514,1.50840294361115
Thailand,THA,1977,29313.415613888123,10221.826812086485,2.8677276726335625,517452.78125,180440.0,17.6524219512939,0.0647127777338028,0.22793385386467,1.52124536037445
Thailand,THA,1978,30498.280914659652,10702.303447720602,2.849693158453215,567874.875,199275.796875,18.6198978424072,0.0652395337820053,0.233854606747627,1.53419721126556
Thailand,THA,1979,33364.7523726342,11327.235426835316,2.945533584795976,618161.0,209863.84375,18.5273666381836,0.0649755895137787,0.202874451875687,1.54725933074951
Thailand,THA,1980,33920.09606093121,11173.199397138267,3.035844511073434,667599.0,219905.53125,19.6815185546875,0.0642287060618401,0.189500868320465,1.56043255329132
Thailand,THA,1981,35678.03020202625,11542.52656582689,3.0910069817517747,719880.3125,232895.078125,20.177131652832,0.0635047554969788,0.186778694391251,1.61267733573914
Thailand,THA,1982,36825.55117332391,11751.192147865313,3.1337715110048245,768903.5,245360.421875,20.8796195983887,0.0622895061969757,0.160943821072578,1.66667127609253
Thailand,THA,1983,37271.845756328796,11649.726592630517,3.1993751492765967,828836.125,259061.875,22.2375926971436,0.0609104260802269,0.176144629716873,1.71918392181396
Thailand,THA,1984,38038.32820431702,11676.112313825677,3.2577905369474616,892517.9375,273964.1875,23.4636478424072,0.0596726685762405,0.167945086956024,1.76239216327667
Thailand,THA,1985,40290.410353929154,12165.759542141988,3.311787497884028,949476.125,286695.96875,23.5658092498779,0.0580876916646957,0.150811284780502,1.80668640136719
Thailand,THA,1986,41167.8495856623,12411.212118623058,3.316988638353044,1003592.125,302561.21875,24.3780555725098,0.0563410110771656,0.147826999425888,1.85209393501282
Thailand,THA,1987,41830.43621078472,12879.295241907847,3.2478823899209144,1076224.5,331361.90625,25.7282638549805,0.0551045574247837,0.170522421598434,1.89864253997803
Thailand,THA,1988,43520.025520933974,13915.35520585409,3.1274821861985536,1174036.875,375393.625,26.9769344329834,0.0549400858581066,0.208307281136513,1.94636118412018
Thailand,THA,1989,46967.65194107157,15182.469949740613,3.0935448643436305,1302900.75,421167.5625,27.740385055542,0.05521634593606,0.234280601143837,1.99527895450592
Thailand,THA,1990,52429.486848554356,16572.79373461949,3.1635877262523677,1480868.0,468097.65625,28.244945526123,0.0561496391892433,0.292570352554321,2.04542636871338
Thailand,THA,1991,57925.72323931354,17568.912452465305,3.2970579935461677,1673317.0,507518.21875,28.8872871398926,0.0572428032755852,0.326593726873398,2.0642364025116
Thailand,THA,1992,62762.798300899136,18557.006861439488,3.3821617230371896,1875292.625,554465.6875,29.8790473937988,0.057955164462328,0.342875391244888,2.08321952819824
Thailand,THA,1993,68365.3881067699,19649.658138323204,3.479215140818925,2096791.625,602662.25,30.6703681945801,0.058834832161665,0.371588706970215,2.10237717628479
Thailand,THA,1994,78860.92243868374,21897.65514554142,3.6013409616024856,2343960.0,650857.5625,29.7227058410645,0.05945885181427,0.411828875541687,2.12171101570129
Thailand,THA,1995,85155.72235185387,22853.412945342632,3.7261709030295194,2622140.0,703709.0,30.792293548584,0.0600964948534966,0.450295507907867,2.14122247695923
Thailand,THA,1996,94173.2462737567,24044.289944369204,3.916657405631169,2911965.75,743482.375,30.9213695526123,0.0608727037906647,0.478964895009995,2.16091346740723
Thailand,THA,1997,97420.07740495424,22784.03032793777,4.275805290054314,3091450.25,723010.0625,31.7331943511963,0.0608884543180466,0.389016360044479,2.18078565597534
Thailand,THA,1998,102805.5209880457,22086.52010364519,4.654672646737071,3108462.25,667815.4375,30.2363357543945,0.0594584308564663,0.232253327965736,2.20084047317505
Thailand,THA,1999,101504.14641221386,22673.563940810374,4.476761865809527,3126345.25,698349.6875,30.8001728057861,0.0574720613658428,0.229513570666313,2.22107982635498
Thailand,THA,2000,100471.08667680912,23204.497859349824,4.329810853300846,3158439.25,729463.5625,31.43630027771,0.0563496984541416,0.240145355463028,2.24150514602661
Thailand,THA,2001,99718.94999194614,23514.660909331335,4.240713926364748,3199990.25,754587.625,32.0900917053223,0.0558272153139114,0.235176801681519,2.27084016799927
Thailand,THA,2002,98345.25033335673,24236.931034864865,4.057661021186507,3250135.25,800987.375,33.0482177734375,0.0554790906608105,0.233539432287216,2.30055904388428
Thailand,THA,2003,98449.34732551107,25384.046166201944,3.878394590086795,3329881.0,858572.0,33.8232917785645,0.0556449443101883,0.240107521414757,2.33066654205322
Thailand,THA,2004,99248.96233071211,26298.624355217788,3.773922201790779,3443971.25,912570.8125,34.700325012207,0.0565791837871075,0.25405365228653,2.361168384552
Thailand,THA,2005,102103.36761390416,27003.871570775544,3.7810640354401515,3594982.75,950786.0,35.2092475891113,0.0582319721579552,0.278532475233078,2.3920693397522
Thailand,THA,2006,104997.49881751976,28018.47943208393,3.747437439352517,3740014.0,998019.0625,35.6200294494629,0.0599706210196018,0.250614613294601,2.42337465286255
Thailand,THA,2007,107203.94771757159,29076.71586002501,3.686934529802135,3879625.25,1052263.125,36.1892013549805,0.0613006986677647,0.244359046220779,2.4550895690918
Thailand,THA,2008,108691.32132476114,28947.65492824068,3.7547539375538266,4019170.75,1070421.875,36.9778442382813,0.0625785291194916,0.264321625232697,2.48721981048584
Thailand,THA,2009,109068.73046518494,28211.021431288144,3.8661744570588117,4109857.5,1063029.5,37.6813545227051,0.0632175952196121,0.203887492418289,2.51977038383484
Thailand,THA,2010,111468.64129502026,30066.564287329256,3.7073953721408643,4237178.0,1142898.875,38.0122871398926,0.0633488669991493,0.247347310185432,2.55274677276611
Thailand,THA,2011,115461.289670986,30398.489510844156,3.798257463740003,4377496.0,1152501.125,37.9131050109863,0.0640725269913673,0.251619398593903,2.5733745098114
Thailand,THA,2012,118832.58927935772,32288.768863729598,3.680307223260034,4548764.5,1235974.125,38.2787628173828,0.0654116272926331,0.245003044605255,2.59177112579346
Thailand,THA,2013,123143.8731283199,33268.02049253927,3.701568993440302,4697992.5,1269189.5,38.1504364013672,0.0666034072637558,0.24161584675312,2.61029958724976
Thailand,THA,2014,127065.17742310488,33714.347422327155,3.7688754829333164,4830514.0,1281685.75,38.0160331726074,0.0672798156738281,0.210790991783142,2.63583588600159
Thailand,THA,2015,131262.23533369537,34828.72688709356,3.7687922317464055,4981794.5,1321854.375,37.9529914855957,0.0677987635135651,0.198854863643646,2.66162204742432
Thailand,THA,2016,136447.40704267035,36349.47120146191,3.753765943015499,5132382.0,1367262.125,37.6143608093262,0.0680515468120575,0.18871508538723,2.68766045570374
Thailand,THA,2017,141351.37064943972,38113.628351666746,3.7086831341592355,5282581.5,1424382.0,37.3719863891602,0.068193756043911,0.204695075750351,2.6924512386322
Thailand,THA,2018,143984.57779426026,39281.97024486666,3.6654113043903664,5441419.0,1484531.625,37.7916793823242,0.0684943944215775,0.226613193750381,2.69725036621094
Thailand,THA,2019,149211.5414240715,40380.409516681015,3.695146810297521,5601558.5,1515923.125,37.5410537719727,0.0688370168209076,0.214125648140907,2.76140666007996
Thailand,THA,2020,152324.72484589534,37870.39191606892,4.022264284549479,5728546.0,1424209.25,37.6074600219727,0.0690212473273277,0.208782970905304,2.78379058837891
Thailand,THA,2021,155676.46900881804,38391.106130202046,4.055013900377002,5865754.0,1446543.5,37.6791305541992,0.0691888928413391,0.243654876947403,2.80635571479797
Thailand,THA,2022,153483.3977733097,37862.99507697352,4.053651790126106,6008195.5,1482168.625,39.1455726623535,0.0695252195000649,0.221317425370216,2.82910394668579
Thailand,THA,2023,154354.48477955378,37908.030070389825,4.071814982022,6148745.5,1510074.875,39.8352241516113,0.0695744603872299,0.181755691766739,2.86166048049927
Turkey,TUR,1950,10166.326681335173,9134.56080631691,1.1129518864557513,88921.8125,79897.265625,8.74670028686523,0.0441400855779648,0.135869145393372,1.14176940917969
Turkey,TUR,1951,10362.275190971028,11132.69495561214,0.9307966518697494,91903.2109375,98736.078125,8.8690185546875,0.0445332005620003,0.119253136217594,1.14955532550812
Turkey,TUR,1952,10795.403261834177,11896.533187083855,0.9074411084360962,97089.4140625,106992.5234375,8.9935884475708,0.0452926829457283,0.145565524697304,1.15739417076111
Turkey,TUR,1953,11295.162489954055,13243.680516944552,0.8528718640941635,103057.984375,120836.421875,9.1240816116333,0.0464175380766392,0.144071996212006,1.1652866601944
Turkey,TUR,1954,11823.736379730237,11798.71434902476,1.0021207421389555,109535.375,109303.5703125,9.26402378082275,0.0474358722567558,0.170140311121941,1.17323279380798
Turkey,TUR,1955,12392.567704654604,12792.718487809429,0.9687204261130158,116693.03125,120461.0,9.41637229919434,0.0483140125870705,0.170528024435043,1.18123316764832
Turkey,TUR,1956,13807.894748833747,13559.275223777533,1.0183357532724342,124029.5078125,121796.28125,8.98250675201416,0.0490219444036484,0.181792959570885,1.18916952610016
Turkey,TUR,1957,14703.569702905168,16304.592509214,0.9018054081753919,133744.84375,148307.875,9.09607982635498,0.0498202480375767,0.184732735157013,1.19715905189514
Turkey,TUR,1958,16021.15427410783,17365.90765074117,0.922563599687463,147574.296875,159961.109375,9.21121501922607,0.0510938167572022,0.217004999518394,1.20520234107971
Turkey,TUR,1959,17005.25753714769,16831.570021292715,1.0103191511923872,158543.875,156924.546875,9.32322692871094,0.0520184189081192,0.196592956781387,1.21329963207245
Turkey,TUR,1960,17712.704639038027,16254.242336480967,1.0897281012775164,168832.375,154930.734375,9.53171062469482,0.0522438436746597,0.196667194366455,1.22145140171051
Turkey,TUR,1961,18588.008723479,16345.520063052132,1.137192860904796,179214.203125,157593.5,9.64138793945313,0.0522698350250721,0.199453011155128,1.23432123661041
Turkey,TUR,1962,19774.43645673819,17369.200616818478,1.1384770602275582,190314.65625,167166.0,9.62427711486816,0.0523703545331955,0.197619259357452,1.24732661247253
Turkey,TUR,1963,20806.93833422332,18725.15911284315,1.1111755157237797,203262.40625,182925.5625,9.76897239685059,0.0522601678967476,0.200368270277977,1.26046907901764
Turkey,TUR,1964,21855.175999765583,19253.618396519574,1.135120451110441,216239.71875,190499.359375,9.89421081542969,0.0511150248348713,0.197617694735527,1.27374994754791
Turkey,TUR,1965,22916.880684536703,19576.03697344744,1.1706598590726367,228848.015625,195486.34375,9.98600196838379,0.0493943206965923,0.19084569811821,1.28717076778412
Turkey,TUR,1966,24658.263535990063,21692.29637824906,1.1367290537628367,249153.140625,219184.28125,10.1042451858521,0.0488218441605568,0.220052942633629,1.29193711280823
Turkey,TUR,1967,26549.17325062004,22509.806053258944,1.1794492226100846,268755.03125,227864.859375,10.1229152679443,0.0488811694085598,0.216087266802788,1.2967209815979
Turkey,TUR,1968,28590.411223303236,23903.91304262182,1.1960556906446724,290708.34375,243055.859375,10.1680364608765,0.0488228090107441,0.221770197153091,1.30152249336243
Turkey,TUR,1969,30680.711726642283,25134.477295267076,1.2206624138716258,312583.1875,256076.6875,10.1882638931274,0.0486942306160927,0.219303876161575,1.30634188652039
Turkey,TUR,1970,32381.339376774173,25559.669083747074,1.2668919644724537,340917.5,269097.53125,10.528208732605,0.0485832318663597,0.249219059944153,1.31117916107178
Turkey,TUR,1971,33995.742212271754,26502.86752538502,1.2827193955412521,364395.6875,284080.59375,10.7188625335693,0.0488139912486076,0.224296942353249,1.32065832614899
Turkey,TUR,1972,35798.89077517474,27725.9640089998,1.2911684788869553,394034.15625,305176.40625,11.0068817138672,0.0495894961059094,0.247499719262123,1.33020603656769
Turkey,TUR,1973,38094.52070362842,28201.261029624122,1.3508091238761233,425681.28125,315130.59375,11.1743440628052,0.0510324276983738,0.260392367839813,1.33982276916504
Turkey,TUR,1974,41893.91296686208,29145.95878295638,1.4373832502418928,478303.15625,332759.65625,11.4170083999634,0.0532632395625114,0.354240626096725,1.34950911998749
Turkey,TUR,1975,46166.560664455385,31002.92042853466,1.4891036078641262,531057.4375,356628.9375,11.5030755996704,0.055482804775238,0.350213944911957,1.3592654466629
Turkey,TUR,1976,51570.0440771087,33863.54211905703,1.5228780230904189,599927.375,393943.15625,11.6332530975342,0.0567464083433151,0.374639421701431,1.38054060935974
Turkey,TUR,1977,53639.289267873675,33976.89408380798,1.5786990163246262,643092.8125,407356.1875,11.9892120361328,0.0563725158572197,0.295680820941925,1.4021487236023
Turkey,TUR,1978,55328.93951357169,34064.61634270588,1.6242349233273856,671596.625,413484.90625,12.1382522583008,0.0544400028884411,0.25202614068985,1.42409491539001
Turkey,TUR,1979,57058.71354311337,33392.67362406254,1.7087195288848402,702117.5,410902.71875,12.30517578125,0.0527900718152523,0.263887405395508,1.44638478755951
Turkey,TUR,1980,57807.08000778281,32173.401322101236,1.7967351175914605,720226.4375,400852.875,12.4591388702393,0.051071897149086,0.221296384930611,1.46902346611023
Turkey,TUR,1981,60440.33460535271,33536.581627191495,1.8022210873259554,757500.5,420314.96875,12.5330295562744,0.0490469336509705,0.260651826858521,1.51283669471741
Turkey,TUR,1982,60853.121372215086,33553.97924604558,1.8135888124025346,789437.1875,435290.0625,12.9728298187256,0.0478981956839561,0.247570261359215,1.55795657634735
Turkey,TUR,1983,62020.38488374779,34474.54644299251,1.7990196038200352,822007.8125,456919.875,13.2538328170776,0.0472313016653061,0.238120913505554,1.60442221164703
Turkey,TUR,1984,62943.39183807498,35923.74554046874,1.752138895627354,854320.75,487587.34375,13.5728425979614,0.046734269708395,0.224862441420555,1.65227365493774
Turkey,TUR,1985,63638.824983620274,36158.835076318326,1.7599799564698795,894542.8125,508268.75,14.0565576553345,0.0464591756463051,0.236969962716103,1.70155215263367
Turkey,TUR,1986,63968.43494073975,36980.08721860766,1.7298075735351992,940886.125,543925.3125,14.7086000442505,0.0462259501218796,0.22137713432312,1.72277843952179
Turkey,TUR,1987,66695.01088776551,38749.74510975787,1.7211728928500887,1024980.1875,595512.625,15.3681688308716,0.0459805764257908,0.269613742828369,1.74235510826111
Turkey,TUR,1988,68804.31999501583,37908.86374009504,1.8149929385048704,1103769.125,608139.625,16.0421485900879,0.0457302331924439,0.247447162866592,1.76215422153473
Turkey,TUR,1989,72017.64171946027,37175.8915306689,1.9372135745567274,1181061.0,609670.0,16.3996067047119,0.0451635159552097,0.236116468906403,1.78217840194702
Turkey,TUR,1990,79096.4658317633,41305.5650837895,1.914910634228436,1275515.75,666096.75,16.1260776519775,0.0451570600271225,0.233489334583282,1.80243003368378
Turkey,TUR,1991,81485.77234815364,40124.39201032579,2.0308288366633374,1365261.875,672268.3125,16.7546043395996,0.0457193069159985,0.232495531439781,1.81266689300537
Turkey,TUR,1992,85630.11042627618,41767.82411012315,2.050145351132195,1460726.0,712498.75,17.0585556030273,0.0462239421904087,0.223052680492401,1.82296192646027
Turkey,TUR,1993,97254.96660698931,47087.96051664279,2.0653892319803377,1589932.5,769798.0,16.3480854034424,0.0475922115147114,0.240718573331833,1.83331537246704
Turkey,TUR,1994,95486.67811937482,41327.077122093324,2.3105112862755046,1681591.125,727800.4375,17.6107406616211,0.0482421517372131,0.206947699189186,1.84372770786285
Turkey,TUR,1995,98644.58616118832,43111.064856569355,2.2881500721306507,1785073.25,780138.1875,18.0960083007813,0.0481244325637817,0.190406411886215,1.85419905185699
Turkey,TUR,1996,102329.09951496214,44755.96217539728,2.2863791669574085,1908644.75,834789.25,18.6520233154297,0.0489058308303356,0.185374841094017,1.88182389736176
Turkey,TUR,1997,109230.91603898359,47779.56640576587,2.286142890275412,2052130.875,897638.9375,18.787088394165,0.0501866452395916,0.208293348550797,1.90986025333405
Turkey,TUR,1998,112836.6679320159,47991.911943071034,2.351160088513769,2175746.5,925392.75,19.2822647094727,0.051002562046051,0.206509277224541,1.93831443786621
Turkey,TUR,1999,115510.27527924834,45773.277007033925,2.5235308204282165,2259053.75,895195.625,19.5571670532227,0.0504744239151478,0.191406264901161,1.96719241142273
Turkey,TUR,2000,122833.6822289684,49320.35082842993,2.490527341467386,2384086.25,957261.625,19.4090595245361,0.0498846136033535,0.202189341187477,1.99650061130524
Turkey,TUR,2001,126619.33102905739,46841.68117811183,2.7031337869278707,2438819.0,902219.125,19.2610321044922,0.0490168072283268,0.135656744241714,2.01745104789734
Turkey,TUR,2002,131660.46516032988,50008.36293197019,2.6327689498541806,2528489.25,960391.625,19.2046203613281,0.0476259030401707,0.145091250538826,2.03862142562866
Turkey,TUR,2003,139586.13195445464,53340.687738681365,2.616879119337454,2658071.25,1015740.9375,19.042516708374,0.0470944903790951,0.181808024644852,2.06001400947571
Turkey,TUR,2004,146315.5117543294,56984.10415304695,2.567654856192135,2863557.5,1115242.375,19.5711135864258,0.047944936901331,0.211182251572609,2.08163118362427
Turkey,TUR,2005,155158.17806267136,60573.53331052148,2.5614846878301676,3113557.0,1215528.25,20.0669860839844,0.049872200936079,0.247724458575249,2.10347485542297
Turkey,TUR,2006,166472.5067352339,63578.621335509575,2.61837239056734,3403840.25,1299983.25,20.4468612670898,0.0517611131072044,0.293471604585648,2.12519979476929
Turkey,TUR,2007,177949.02527350865,65758.09131051076,2.7061160341961648,3695331.0,1365547.875,20.7662334442139,0.0529887676239014,0.318166553974152,2.14714884757996
Turkey,TUR,2008,186264.71420230938,64860.04534678877,2.8717943875370935,3953534.0,1376677.25,21.2253513336182,0.0535000823438168,0.298546671867371,2.16932463645935
Turkey,TUR,2009,193346.65325630564,61630.87634884298,3.137171896792855,4110565.75,1310277.5,21.260082244873,0.0531342700123787,0.232042521238327,2.19172954559326
Turkey,TUR,2010,192436.2037850467,62914.154801414305,3.0587107844405272,4345502.0,1420697.25,22.5815200805664,0.0527969375252724,0.280089795589447,2.2143657207489
Turkey,TUR,2011,194161.9969849903,65617.4342693743,2.9590001368830077,4674676.5,1579816.25,24.0761661529541,0.0533692017197609,0.307137727737427,2.24584078788757
Turkey,TUR,2012,201686.97706688527,66757.60308041285,3.0211836219455526,5001464.5,1655465.25,24.798152923584,0.0539216250181198,0.299204856157303,2.27776288986206
Turkey,TUR,2013,211402.6896677425,70365.75635843263,3.0043404719603783,5395631.0,1795945.25,25.5230007171631,0.053929828107357,0.325073391199112,2.31013917922974
Turkey,TUR,2014,223924.24336388876,72679.78549782447,3.0809700638232,5806579.5,1884659.5,25.9309997558594,0.053645197302103,0.333186149597168,2.3429753780365
Turkey,TUR,2015,235373.6589957387,75106.36972081992,3.1338708004481246,6265647.0,1999331.625,26.6200008392334,0.0535596199333668,0.320674031972885,2.37627840042114
Turkey,TUR,2016,246964.43737702188,75933.53265183845,3.2523765028735627,6718667.5,2065771.75,27.2049999237061,0.0535686314105988,0.309293359518051,2.4100546836853
Turkey,TUR,2017,256090.7875771508,78780.56386935271,3.2506848770699834,7218943.0,2220745.25,28.1889991760254,0.0533808059990406,0.321244776248932,2.44431138038635
Turkey,TUR,2018,268009.7668336077,79595.71907523209,3.367137956003524,7702868.5,2287660.5,28.7409992218018,0.0529945753514767,0.285478562116623,2.47905468940735
Turkey,TUR,2019,287033.8642764518,82130.52332933334,3.4948500586740594,8060471.5,2306385.5,28.0819530487061,0.0525753647089005,0.225256279110909,2.51429200172424
Turkey,TUR,2020,315350.6139960569,87614.39993945163,3.599301190374969,8455769.0,2349280.75,26.8138656616211,0.0529020801186562,0.280464053153992,2.55002999305725
Turkey,TUR,2021,308816.19073405716,90906.76224969233,3.3970651147583064,8893598.0,2618024.0,28.7990016937256,0.0541566647589207,0.253505498170853,2.57585644721985
Turkey,TUR,2022,303381.95738277846,89919.85712054548,3.373915029425239,9321762.0,2762891.75,30.7261581420898,0.0558045655488968,0.232787430286407,2.59900760650635
Turkey,TUR,2023,310072.66981231386,91880.09676002235,3.374753409567898,9800645.0,2904107.0,31.6075744628906,0.0570510104298592,0.232233002781868,2.62274813652039
United Kingdom,GBR,1950,77285.59068666726,29511.290736933788,2.618848202052487,1797670.375,686435.5,23.2600975036621,0.0272546745836735,0.15089824795723,2.43450427055359
United Kingdom,GBR,1951,81316.12129258698,30319.75799657734,2.6819515281674207,1919560.375,715732.6875,23.6061477661133,0.0290365498512983,0.20816670358181,2.44469380378723
United Kingdom,GBR,1952,84575.18391928599,30574.057151726814,2.7662401329196578,1995394.125,721338.0,23.5931396484375,0.0304058939218521,0.172296822071075,2.45492601394653
United Kingdom,GBR,1953,88058.69085640414,31831.916583768165,2.7663647152590025,2087532.875,754612.3125,23.7061538696289,0.031178917735815,0.181972071528435,2.46520090103149
United Kingdom,GBR,1954,90785.0001571657,32321.235778131813,2.808834438768267,2182580.75,777041.4375,24.0412044525147,0.0319146886467934,0.182915925979614,2.47551894187927
United Kingdom,GBR,1955,94525.70380800535,32905.42616360429,2.8726479133875316,2297091.0,799642.375,24.3012313842773,0.0327055267989636,0.20026521384716,2.48588013648987
United Kingdom,GBR,1956,98193.76135940362,32942.13748818668,2.980795080301535,2407442.5,807651.125,24.5172653198242,0.0335242040455341,0.204163238406181,2.49860095977783
United Kingdom,GBR,1957,102700.3498318016,33311.67725775018,3.083013474138643,2520910.75,817677.5,24.546272277832,0.0343301258981228,0.213117361068726,2.51138687133789
United Kingdom,GBR,1958,107822.16116921764,33783.80251994465,3.1915342006147354,2618055.0,820312.375,24.2812328338623,0.0350461862981319,0.202747732400894,2.52423858642578
United Kingdom,GBR,1959,114883.53239102855,35608.2333378255,3.226319354321671,2729996.5,846164.375,23.7631664276123,0.03566874563694,0.213529735803604,2.53715562820435
United Kingdom,GBR,1960,118984.55843156231,36445.38866976047,3.2647356160667425,2877786.5,881476.125,24.1862182617188,0.0364363789558411,0.239276960492134,2.5501389503479
United Kingdom,GBR,1961,123613.35760331845,36784.82996255546,3.36044390389051,3025962.75,900465.1875,24.4792537689209,0.0371320173144341,0.241543382406235,2.57157015800476
United Kingdom,GBR,1962,128181.0822323191,37251.99192946311,3.4409188769027654,3152963.0,916314.25,24.5977249145508,0.0373740419745445,0.22573222219944,2.58991956710815
United Kingdom,GBR,1963,133300.20100909515,38609.07413450882,3.452561450831356,3285990.25,951754.3125,24.6510524749756,0.0373392589390278,0.225506365299225,2.60839986801147
United Kingdom,GBR,1964,139719.64168369956,40206.10701013469,3.4750850573143195,3493107.5,1005186.1875,25.0008335113525,0.037486232817173,0.268017083406448,2.62701201438904
United Kingdom,GBR,1965,146108.36983531917,40727.30535979524,3.587479420613791,3689947.25,1028562.625,25.2548656463623,0.0377115644514561,0.26096785068512,2.64575695991516
United Kingdom,GBR,1966,152735.73158564468,41332.13995882782,3.695326003874692,3874917.0,1048599.5,25.3700752258301,0.0377363450825214,0.251826286315918,2.66463565826416
United Kingdom,GBR,1967,162737.39387351047,42769.59519186858,3.8049785868548582,4078845.25,1071975.875,25.0639705657959,0.0376810990273953,0.263549268245697,2.68364930152893
United Kingdom,GBR,1968,172604.7507432797,46053.29065220113,3.747935235438599,4305568.5,1148784.125,24.9446697235107,0.03769626095891,0.271231830120087,2.70279836654663
United Kingdom,GBR,1969,181085.49443644175,45647.76453679629,3.9670177997538123,4517504.0,1138765.75,24.9468021392822,0.0377198457717896,0.267859160900116,2.72208428382874
United Kingdom,GBR,1970,189878.07313447635,46748.65330813673,4.061680063443187,4720249.5,1162142.125,24.8593711853027,0.0377665385603905,0.263201922178268,2.7415075302124
United Kingdom,GBR,1971,200883.09294133165,49096.58953591226,4.091589555205121,4921658.0,1202871.875,24.5001106262207,0.0378334671258926,0.248477682471275,2.76375412940979
United Kingdom,GBR,1972,207960.40632423456,51052.419359827436,4.073468190772487,5111616.0,1254856.0,24.5797557830811,0.0379003137350082,0.229915261268616,2.78618144989014
United Kingdom,GBR,1973,213285.0884548191,53563.132886980726,3.9819382653523063,5322740.5,1336721.0,24.9559898376465,0.0380083657801151,0.251541644334793,2.80879044532776
United Kingdom,GBR,1974,220279.13609072677,52078.16740443681,4.229778947097897,5513565.5,1303511.5,25.0299034118652,0.0379313938319683,0.239434167742729,2.83158326148987
United Kingdom,GBR,1975,228017.61687123257,51504.06051027201,4.427177481001844,5685834.0,1284302.25,24.935941696167,0.0376110710203648,0.209671840071678,2.85456085205078
United Kingdom,GBR,1976,236450.96505681443,53327.33177144409,4.433954544551768,5860263.5,1321678.75,24.7842655181885,0.0372750721871853,0.224933952093124,2.87772464752197
United Kingdom,GBR,1977,242590.47684280688,54585.69105177985,4.444213715508083,6018187.0,1354162.375,24.8080101013184,0.0371210128068924,0.222104772925377,2.90107679367065
United Kingdom,GBR,1978,247801.7304775364,56570.60323468317,4.380397526424296,6181156.5,1411094.875,24.9439601898193,0.0371659956872463,0.213720977306366,2.92461824417114
United Kingdom,GBR,1979,251954.73817855914,58114.67846511534,4.335475044051059,6347123.0,1463997.125,25.191520690918,0.0372441336512566,0.213211610913277,2.94835090637207
United Kingdom,GBR,1980,258454.9709004474,57204.53479871143,4.518085354769274,6480099.5,1434257.875,25.0724506378174,0.0369345135986805,0.182667940855026,2.97227597236633
United Kingdom,GBR,1981,269146.0615551201,58326.14310250808,4.614501272304195,6566249.0,1422959.625,24.3966007232666,0.0362399071455002,0.171293452382088,2.99403405189514
United Kingdom,GBR,1982,279094.64562209835,60646.657476564666,4.601979024646944,6679065.0,1451346.25,23.9311828613281,0.0356006249785423,0.189723029732704,3.01595163345337
United Kingdom,GBR,1983,286823.04968450544,63677.67998597085,4.504294907535841,6813286.0,1512619.875,23.7543182373047,0.035099521279335,0.202111259102821,3.03802943229675
United Kingdom,GBR,1984,287875.87281464506,63710.79039773667,4.518479067948776,6989829.0,1546942.875,24.280704498291,0.0347967743873596,0.216007068753243,3.06026864051819
United Kingdom,GBR,1985,291980.13601554313,65526.808112103274,4.455888275772924,7178885.5,1611100.875,24.5868968963623,0.0347051359713078,0.218926578760147,3.08267092704773
United Kingdom,GBR,1986,298015.9905389046,67207.22689482443,4.434284887327415,7369143.5,1661856.125,24.7273426055908,0.0345804058015347,0.217682108283043,3.10523724555969
United Kingdom,GBR,1987,301762.3170369925,69511.77989383959,4.341168036523489,7603450.0,1751475.625,25.1968173980713,0.0344045162200928,0.226228266954422,3.12796854972839
United Kingdom,GBR,1988,304455.8917565729,71199.37740009486,4.276103287332498,7918820.0,1851877.625,26.009744644165,0.034383550286293,0.254530757665634,3.15086627006531
United Kingdom,GBR,1989,309468.4876886925,71192.44011029151,4.346929072936159,8257477.0,1899611.625,26.6827716827393,0.03454914316535,0.25465989112854,3.17393183708191
United Kingdom,GBR,1990,318672.7052216339,71366.34934045351,4.4653076438224995,8544590.0,1913550.125,26.8130588531494,0.0350314453244209,0.229179352521896,3.19716620445251
United Kingdom,GBR,1991,335455.0795089264,72509.09634413726,4.626386155977101,8755164.0,1892441.25,26.0993633270264,0.0355626456439495,0.213307440280914,3.22711420059204
United Kingdom,GBR,1992,351955.42621138797,74551.98136386895,4.720939937110249,8969934.0,1900031.375,25.4859943389893,0.035819087177515,0.22068527340889,3.25734281539917
United Kingdom,GBR,1993,363684.4382553944,77108.83995108967,4.716507711516349,9184640.0,1947339.125,25.2544212341309,0.0359197035431862,0.219712227582932,3.28785467147827
United Kingdom,GBR,1994,371037.47200676677,79450.2337490664,4.670061427114765,9443957.0,2022234.0,25.4528388977051,0.0359694994986057,0.230169653892517,3.31865215301514
United Kingdom,GBR,1995,377081.68663909775,80485.87727966905,4.685066490967474,9714158.0,2073430.125,25.7614154815674,0.0360399521887302,0.21447642147541,3.34973835945129
United Kingdom,GBR,1996,385008.75765506126,81794.32981926801,4.707034809207105,10011703.0,2126966.0,26.0038318634033,0.0361964590847492,0.207320392131805,3.38111543655396
United Kingdom,GBR,1997,386864.3879523926,84318.21642373104,4.588147192396151,10239422.0,2231711.75,26.4677295684814,0.0362024307250977,0.188646197319031,3.41278648376465
United Kingdom,GBR,1998,392436.841208118,86283.81129729307,4.548209395340302,10495672.0,2307649.25,26.7448692321777,0.0361023060977459,0.191398575901985,3.4447546005249
United Kingdom,GBR,1999,396280.09749991784,87698.79044070012,4.518649521943786,10746363.0,2378224.5,27.1180992126465,0.0360760688781738,0.184584230184555,3.47702193260193
United Kingdom,GBR,2000,401656.9338252736,90430.52817905697,4.441607739257839,11021753.0,2481478.25,27.4407138824463,0.0360697358846664,0.183448284864426,3.50959134101868
United Kingdom,GBR,2001,408389.7689582743,91986.94191893675,4.4396493723877315,11300335.0,2545321.5,27.6704654693604,0.0361459366977215,0.181982904672623,3.52848124504089
United Kingdom,GBR,2002,414742.75020745734,92864.10274001022,4.466125639189174,11571851.0,2591026.75,27.901273727417,0.0362238809466362,0.179814085364342,3.54747271537781
United Kingdom,GBR,2003,420272.1382844289,94835.98154834168,4.431568392321637,11844275.0,2672705.0,28.18239402771,0.0362792313098908,0.180642306804657,3.56656646728516
United Kingdom,GBR,2004,425269.080377956,96059.17939731124,4.427157123828809,12123316.0,2738397.5,28.5074005126953,0.0362887270748615,0.189829424023628,3.5857629776001
United Kingdom,GBR,2005,431107.79312392237,97653.41483982482,4.414671968522998,12419481.0,2813228.5,28.8082962036133,0.0363145805895329,0.201526775956154,3.60506272315979
United Kingdom,GBR,2006,436957.63110599824,98924.80173954484,4.417068555330002,12722053.0,2880202.75,29.1150722503662,0.0364302583038807,0.202735707163811,3.62446665763855
United Kingdom,GBR,2007,444303.2490953114,100706.84416523419,4.411847603588126,13040559.0,2955804.5,29.3505821228027,0.036593172699213,0.211570635437965,3.64397478103638
United Kingdom,GBR,2008,449890.14868528454,99630.97716670384,4.515564952580186,13313922.0,2948451.0,29.5937175750732,0.0367363207042217,0.20666141808033,3.66358780860901
United Kingdom,GBR,2009,462618.00158931955,96504.00371927687,4.793770038132736,13481118.0,2812216.25,29.1409282684326,0.036756806075573,0.177669703960419,3.68330645561218
United Kingdom,GBR,2010,468054.5349833859,98415.72667821108,4.755891672819518,13673292.0,2875021.75,29.2130317687988,0.0368010550737381,0.216662615537643,3.70313143730164
United Kingdom,GBR,2011,472031.50773203885,99062.37316593868,4.7649929296700995,13855407.0,2907749.75,29.3527164459229,0.0368643365800381,0.205228269100189,3.7108952999115
United Kingdom,GBR,2012,472840.40352618817,99380.53518269611,4.75787741187892,14043483.0,2951627.75,29.7002601623535,0.0368808396160603,0.225589781999588,3.71867561340332
United Kingdom,GBR,2013,473724.05427942984,99898.9098816642,4.742034270850225,14248650.0,3004754.75,30.077953338623,0.0369592383503914,0.232399702072144,3.72647213935852
United Kingdom,GBR,2014,470927.9844984189,100725.31923317633,4.675368498045994,14497129.0,3100745.75,30.7841739654541,0.0371549464762211,0.250677675008774,3.7342848777771
United Kingdom,GBR,2015,472442.0385485019,101249.41121653677,4.666121342060104,14790073.0,3169671.75,31.3055820465088,0.0374757461249828,0.259909391403198,3.74211430549622
United Kingdom,GBR,2016,475935.3254681037,101743.73023914183,4.677785297919091,15111976.0,3230583.5,31.7521629333496,0.0378952622413635,0.251103490591049,3.74996018409729
United Kingdom,GBR,2017,481257.2679794455,103327.30384099825,4.657600170425544,15446485.0,3316404.25,32.0961074829102,0.0383677892386913,0.253781527280808,3.75782227516174
United Kingdom,GBR,2018,485402.74648009625,103577.97843946163,4.686350842074026,15760226.0,3363006.0,32.4683494567871,0.0387578457593918,0.251808196306229,3.76570081710815
United Kingdom,GBR,2019,489731.3143409556,104098.48075850529,4.704500111553668,16078276.0,3417637.5,32.830810546875,0.0390437245368958,0.251716464757919,3.7735960483551
United Kingdom,GBR,2020,500980.5499433368,94282.00268699514,5.313639248908741,16290162.0,3065726.0,32.5165557861328,0.039053700864315,0.234454438090324,3.78150773048401
United Kingdom,GBR,2021,507435.4999032853,101922.72346851348,4.978629717052695,16572071.0,3328641.0,32.6584777832031,0.0390277169644833,0.240827962756157,3.80263948440552
United Kingdom,GBR,2022,508551.70292536414,105076.76607158543,4.839811139399781,16889570.0,3489716.75,33.2111167907715,0.0391129888594151,0.240587219595909,3.82441544532776
United Kingdom,GBR,2023,511774.2854084588,104192.60973393006,4.911809836756596,17199100.0,3501581.0,33.6068077087402,0.0390806458890438,0.225594744086266,3.84644913673401
United States,USA,1950,170766.85516874376,43368.8379719546,3.937547399337143,10666936.0,2709030.5,62.4649085998535,0.031029986217618,0.229991167783737,2.58321285247803
United States,USA,1951,169445.09087841443,45081.19881364905,3.758664262209288,11002892.0,2927341.0,64.9348526000977,0.0310796070843935,0.241035953164101,2.59599995613098
United States,USA,1952,172586.1973969301,46279.58654718611,3.7292078489284535,11361193.0,3046543.25,65.8290939331055,0.0313129648566246,0.230492323637009,2.6088502407074
United States,USA,1953,176142.32065249982,47758.56986308692,3.6881824802849046,11763683.0,3189561.0,66.7851028442383,0.0316295474767685,0.230868816375732,2.62176442146301
United States,USA,1954,185340.344253516,48406.436146910295,3.8288368036642986,12143445.0,3171575.5,65.5197067260742,0.0318604595959187,0.219843730330467,2.63474249839783
United States,USA,1955,186769.3800236228,50487.16475194998,3.699343802355412,12568343.0,3397452.0,67.2933807373047,0.0319540724158287,0.233458176255226,2.64778447151184
United States,USA,1956,188526.5177749137,50364.48505013633,3.7432432315597235,12988646.0,3469891.0,68.8955917358398,0.0320638194680214,0.233176589012146,2.66231727600098
United States,USA,1957,193571.08607842601,51183.96506126665,3.7818696899844224,13398979.0,3542951.0,69.2199401855469,0.0322140417993069,0.227916747331619,2.67692995071411
United States,USA,1958,202634.02098111523,51762.47692819566,3.914689423811904,13767582.0,3516902.75,67.9430923461914,0.0322970896959305,0.220331370830536,2.69162273406982
United States,USA,1959,204885.47789082548,54108.990870140944,3.786532969770977,14236033.0,3759648.5,69.4828796386719,0.032326303422451,0.237290680408478,2.70639610290527
United States,USA,1960,207978.10282497897,54582.37499534273,3.810352752930315,14692825.0,3856027.5,70.6460189819336,0.0323872901499271,0.230339586734772,2.72125053405762
United States,USA,1961,214500.87504493602,55938.63560968575,3.834574667527202,15163884.0,3954515.25,70.6938095092773,0.0324528887867928,0.231433048844337,2.75555515289307
United States,USA,1962,218678.3229587542,58471.84549381227,3.7398909015433017,15694052.0,4196393.0,71.7677536010742,0.0325563326478004,0.236722454428673,2.79029202461243
United States,USA,1963,223586.8194325515,60179.58623318769,3.715326631960929,16269798.0,4379103.0,72.7672500610352,0.0326885730028153,0.239581778645515,2.8254668712616
United States,USA,1964,227173.66612008808,62238.95938101356,3.650023528339856,16905626.0,4631648.5,74.4171905517578,0.0328357592225075,0.240731969475746,2.8610851764679
United States,USA,1965,231115.73523210763,64741.1165871411,3.5698447511486373,17608950.0,4932693.5,76.191047668457,0.0330672487616539,0.247172102332115,2.89715242385864
United States,USA,1966,233672.33165581062,66899.66296516656,3.492877561692344,18365290.0,5257925.5,78.5942001342773,0.0334479436278343,0.250888109207153,2.92837071418762
United States,USA,1967,236955.87717887101,67098.87721601798,3.5314432522621173,19077508.0,5402184.5,80.5108032226563,0.0338659957051277,0.241554588079453,2.95992541313171
United States,USA,1968,241216.25920482003,69004.74951929797,3.495647196536249,19811168.0,5667382.0,82.1303176879883,0.0341968387365341,0.238528922200203,2.99181985855103
United States,USA,1969,244295.86082527135,69522.16885972615,3.513927497258946,20540238.0,5845379.0,84.0793533325195,0.0344464778900147,0.239186391234398,3.02405834197998
United States,USA,1970,250693.7105071188,69362.66535646995,3.6142456351518333,21169224.0,5857162.5,84.4425811767578,0.0345594696700573,0.224416449666023,3.05664396286011
United States,USA,1971,258780.75978661978,71464.57848820418,3.621105242079245,21907770.0,6050023.0,84.6576461791992,0.034513458609581,0.231248468160629,3.08988523483276
United States,USA,1972,261188.43767237407,73151.1312535971,3.5705317634377733,22737082.0,6367982.0,87.0524063110352,0.0344310104846954,0.238646820187569,3.12348771095276
United States,USA,1973,262981.7357173286,74813.69064924055,3.5151552267392145,23648198.0,6727497.5,89.9233474731445,0.0344719104468823,0.24950835108757,3.1574559211731
United States,USA,1974,266538.0481769702,73018.77642844609,3.650267249248707,24424420.0,6691132.0,91.6357727050781,0.0346197597682476,0.246139243245125,3.19179344177246
United States,USA,1975,276419.236470645,73778.39247683872,3.746615061549645,25017550.0,6677374.0,90.5058212280273,0.0346923656761646,0.220648244023323,3.2265043258667
United States,USA,1976,275564.54594716104,75404.83826724184,3.6544677010052644,25717052.0,7037154.0,93.3249664306641,0.0346963815391064,0.237929314374924,3.24999570846558
United States,USA,1977,275220.1656294983,76276.05639438507,3.6082117854451394,26565692.0,7362564.5,96.5252380371094,0.0347518920898438,0.250544846057892,3.27365803718567
United States,USA,1978,274366.20188847976,77320.15440734285,3.548443533144627,27571754.0,7770098.0,100.492530822754,0.0348791554570198,0.261419922113419,3.29749250411987
United States,USA,1979,277558.0244856052,77719.8890588648,3.5712612028483934,28627578.0,8016097.5,103.14087677002,0.0350763574242592,0.263538330793381,3.32150077819824
United States,USA,1980,285169.1140764851,77273.37474613944,3.6903929071731407,29506590.0,7995514.5,103.470497131348,0.0352391041815281,0.244445011019707,3.34568381309509
United States,USA,1981,289982.79214027326,78305.1106683188,3.703242223468262,30360724.0,8198417.0,104.698364257813,0.0353593938052654,0.25502747297287,3.35476899147034
United States,USA,1982,298535.5479236382,77424.59091597433,3.8558233810705738,31041684.0,8050598.0,103.979858398438,0.0354714542627335,0.233565345406532,3.36387896537781
United States,USA,1983,301834.34134164936,79855.70329513802,3.7797468294293566,31824032.0,8419620.0,105.435424804688,0.0355302207171917,0.238492101430893,3.37301373481751
United States,USA,1984,299275.8323607162,82184.21958139849,3.641524296088273,32878966.0,9028902.0,109.861747741699,0.0356450006365776,0.272588938474655,3.38217329978943
United States,USA,1985,303249.9955321594,83833.59269259832,3.61728497839904,34021900.0,9405369.0,112.190933227539,0.0358485840260983,0.267972975969315,3.39135766029358
United States,USA,1986,306442.7341047309,84817.21443202173,3.6129780511753875,35158052.0,9731045.0,114.729598999023,0.0360081195831299,0.260291367769241,3.40006065368652
United States,USA,1987,308164.7668100059,85558.88979100602,3.6017854785488383,36259956.0,10067217.0,117.664184570313,0.036078255623579,0.259086519479752,3.4087860584259
United States,USA,1988,310697.1321619195,87249.28016609898,3.561028028774981,37347072.0,10487722.0,120.204109191895,0.0361281633377075,0.251844435930252,3.41753363609314
United States,USA,1989,313635.152767261,88721.69355505872,3.535044702146336,38436032.0,10872856.0,122.550140380859,0.0362108238041401,0.248873844742775,3.42630386352539
United States,USA,1990,318291.179977302,89403.15040538885,3.560178567914501,39439352.0,11077914.0,123.909660339355,0.0363032892346382,0.234918534755707,3.43509650230408
United States,USA,1991,327939.96910265007,90157.67750053864,3.637404802277552,40251216.0,11065916.0,122.739585876465,0.0363686792552471,0.223206132650375,3.4523024559021
United States,USA,1992,333500.70786080044,92918.6279528823,3.5891695261569487,41116496.0,11455713.0,123.287582397461,0.0363963432610035,0.22640885412693,3.46959495544434
United States,USA,1993,336879.4767967125,94283.96099116676,3.5730305903065944,42057968.0,11770951.0,124.845741271973,0.0364278927445412,0.228897988796234,3.48697352409363
United States,USA,1994,338060.364696359,96041.40397265897,3.519944010737264,43102436.0,12245205.0,127.499229431152,0.0364985056221485,0.23475193977356,3.50443959236145
United States,USA,1995,342243.4480465593,97330.26909640647,3.516310508784931,44213800.0,12573918.0,129.18815612793,0.0366143770515919,0.229351669549942,3.5219931602478
United States,USA,1996,347454.4335194579,99725.90170125585,3.4840941780632946,45461520.0,13048304.0,130.841674804688,0.0367640368640423,0.232332661747932,3.53323888778687
United States,USA,1997,350766.7154551308,102095.26433277251,3.4356805650831244,46823444.0,13628579.0,133.488845825195,0.0369657576084137,0.242644995450974,3.54452061653137
United States,USA,1998,357620.3694289887,105292.94339345058,3.3964324474495924,48363724.0,14239566.0,135.237609863281,0.0372578948736191,0.251114219427109,3.5558385848999
United States,USA,1999,364891.89132267935,108794.57494259028,3.35395300285174,50045728.0,14921416.0,137.152206420898,0.0376536659896374,0.259514540433884,3.56719255447388
United States,USA,2000,373212.59033881105,111880.7021816626,3.335808437569684,51804608.0,15529851.0,138.807235717773,0.0380950979888439,0.270601004362106,3.5785825252533
United States,USA,2001,384646.13258142525,112980.69261888176,3.404529779959428,53377052.0,15678245.0,138.769241333008,0.0384064018726349,0.260448396205902,3.58833718299866
United States,USA,2002,395819.7594983048,115258.40638641213,3.4341942762186948,54757692.0,15944844.0,138.339965820313,0.0385213606059551,0.261339873075485,3.59811854362488
United States,USA,2003,404386.8933964153,117902.65412052306,3.4298370669674734,56217084.0,16390599.0,139.01806640625,0.0385398156940937,0.262336790561676,3.6079261302948
United States,USA,2004,410780.7732600924,120920.7183694317,3.397108277219235,57823104.0,17021272.0,140.763900756836,0.0385821126401424,0.271132707595825,3.61776089668274
United States,USA,2005,416148.288882833,123061.2535756423,3.381635379059732,59564856.0,17614216.0,143.133728027344,0.0387304648756981,0.27567395567894,3.62762236595154
United States,USA,2006,420095.01792253874,124120.13930974458,3.3845838415809557,61276848.0,18104692.0,145.8642578125,0.0390181392431259,0.269490122795105,3.64232897758484
United States,USA,2007,426471.9750145249,125375.40639506353,3.4015600609157155,62818256.0,18467484.0,147.297500610352,0.0394179932773113,0.254794239997864,3.65709471702576
United States,USA,2008,435010.3229243475,125563.97525321905,3.4644516633619027,64052376.0,18488460.0,147.243347167969,0.0398210361599922,0.239004090428352,3.67192077636719
United States,USA,2009,454576.35387192253,126577.2141996558,3.591296875556917,64686820.0,18012106.0,142.301330566406,0.0400029048323631,0.199556156992912,3.68680667877197
United States,USA,2010,460320.38681932853,130297.27023450153,3.532847510856293,65349080.0,18497566.0,141.964340209961,0.0401498600840569,0.209013253450394,3.70175337791443
United States,USA,2011,460295.1914974548,130811.9489417186,3.518754939600608,66106652.0,18786944.0,143.617950439453,0.0405341051518917,0.211778312921524,3.70701098442078
United States,USA,2012,458110.32056884427,131324.97332406012,3.488371700928522,67036032.0,19216998.0,146.331634521484,0.0410572327673435,0.23223477602005,3.71227598190308
United States,USA,2013,459531.2248440527,132569.5017090235,3.4663419483364795,68023432.0,19623982.0,148.027877807617,0.0416117757558823,0.228933349251747,3.71754860877991
United States,USA,2014,458982.719820976,133560.95935774173,3.4365036162371014,69139896.0,20119256.0,150.637252807617,0.0421688631176949,0.229411363601685,3.72282862663269
United States,USA,2015,459426.40310758614,135308.3819666126,3.3954023869781387,70325160.0,20711878.0,153.071655273438,0.0427246354520321,0.228806331753731,3.72811627388001
United States,USA,2016,459427.6950864384,135460.9573191309,3.3915875406378384,71524240.0,21088720.0,155.681167602539,0.0432429574429989,0.221826300024986,3.73341131210327
United States,USA,2017,459394.0897909379,136348.88499354522,3.3692544666770523,72799488.0,21607002.0,158.468490600586,0.0437685251235962,0.223839938640594,3.73871397972107
United States,USA,2018,460568.1791019657,138129.8938625538,3.3343121189990494,74181696.0,22247976.0,161.065612792969,0.0444000996649265,0.230752885341644,3.74402379989624
United States,USA,2019,460980.6793220405,139228.66874090603,3.310960906908408,75565584.0,22822856.0,163.923538208008,0.0450976341962814,0.232231289148331,3.74934148788452
United States,USA,2020,495580.52168103453,144115.26803049952,3.438778752964283,76785096.0,22329176.0,154.939697265625,0.045669186860323,0.22821643948555,3.75466680526733
United States,USA,2021,485876.6760470552,147215.0237869546,3.3004557792294498,78158760.0,23681202.0,160.861312866211,0.0462337732315064,0.230949953198433,3.72817277908325
United States,USA,2022,480075.34927186806,146614.03073828912,3.274416144583177,79490152.0,24276130.0,165.578491210938,0.0470067113637924,0.239827409386635,3.81364345550537
United States,USA,2023,482410.4155116373,149081.94698505476,3.235874130084967,80822920.0,24977152.0,167.539749145508,0.0478879362344742,0.230900436639786,3.82982563972473
